smiles,y
CC[C@H]1CCCCN1C[C@@H](O)CNS(=O)(=O)c1cccc2ccccc12,0
O=C(c1ccc(CN2CCOCC2)cc1)N1CCN(C2CC2)CC1,1
CCN(C)C(=O)c1cnc2c(c1)nc(NC(=O)c1cccc(C#N)c1)n2CCCOC,0
CN(C)C1CCN(CCOc2ccc3oc(-c4cc5cccn5cn4)c/c(=N\O)c3c2)CC1,0
O=C(c1ccc(Oc2ccc(Cl)cc2)nc1)N1CCCN(C2CCC2)CC1,1
CS(=O)(=O)N1CCN(C(=O)Cc2ccc(F)c(Cl)c2)[C@@H]2[C@@H](N3CC[C@H](O)C3)CCC[C@@H]21,0
Cc1nc2cc(C(=O)N[C@H](C)c3ccccc3)ccc2n1Cc1ccc(Cl)c(Cl)c1,0
C[C@@H](c1ccccn1)c1c(CCN(C)C)sc2ccccc12,0
COc1ccnc(-c2nnc3n2C[C@H](C)N(C(=O)c2cccc(Cl)c2Cl)C3)c1,0
CC(C)c1csc(NC(=O)C2c3ccccc3Oc3ccccc32)n1,0
Cc1nnc2sc(C(=O)NC3CN(c4cccc(F)c4F)C3)c(N)c2c1C,0
CCC(C)(C)Cc1c[nH]c(CCc2ccc(-c3ccccn3)cc2)n1,0
c1ccc(-c2ccc(CCc3nc(CC4CCCC4)c[nH]3)cc2)nc1,0
Cc1cc(C(=O)NC(C)(C)C)nn1Cc1cc(Cl)cc2cc(-c3ccccc3)oc12,0
C=C(F)CN(CC)C(=O)[C@@]1(c2cccs2)C[C@H]1CN,0
C/C(=N\c1ccc2c(c1)[C@@H](NC(=O)c1ccc(-c3ccccc3)cc1)[C@H](O)C2)N(C)Cc1ccc(F)cc1,0
CC(C)S(=O)(=O)NC[C@H]1CC[C@H](NC(=O)Cn2ccc3cc(Cl)ccc32)CC1,0
COc1ccc(C[C@@H]2CCCN2C(=O)c2nccnc2-c2cccc(C)c2)cc1OC,0
Cc1cccc2nc(C)n(-c3ccc(OC4CCN(C5CCC5)CC4)cc3)c(=O)c12,0
CC(C)COc1ccc(Cl)cc1-c1ccccc1-c1cccc(C(=O)O)n1,1
Nc1cc(CN2CCC(F)(C(=O)N3CCC(N4CCc5ccccc5CC4)CC3)CC2)ccn1,0
Cc1onc(NC(=O)N2CCN(c3nc(-c4ccccc4)ns3)CC2)c1C,0
CCCn1c(Oc2ccc(F)c(F)c2)nc2nc(C3CCCC3)[nH]c2c1=O,0
CC(C)c1cccc(-c2c(-c3ccc4nn(C)cc4c3)nsc2NC(=O)[C@@H]2C[C@H]2C)n1,1
Cc1onc(NC(=O)N2CCN(c3nc(-c4ccc(F)cc4F)cs3)CC2)c1C,0
CS(=O)(=O)NC[C@H]1CC[C@H](Nc2nc3c(s2)CCSc2ccccc2-3)CC1,0
Cc1ccc2c(c1)C(=O)N(c1ccc(NC(=O)c3occc3C)c(F)c1)C2=O,0
CN1CCN([C@H]2CC[C@@H](C(=O)Nc3ccc(-c4cc(F)cc(F)c4)cn3)CC2)C1=O,1
CN1c2nc(-c3ccc(Cl)cc3Cl)c(-c3ccc(Cl)cc3)cc2C(C(=O)NCO)CC1(C)C,0
COc1nc(C2=NOC[C@H](c3cc4ccccc4o3)N2)ccc1-n1cnc(C)c1,1
O=C1O[C@]2(CC[C@H](C(=O)Nc3ccn(-c4ccc(F)cc4)n3)CC2)c2cnccc21,0
C[C@H]1Cn2c(nnc2-c2cnccn2)C(=O)N1Cc1cccc(C(F)(F)F)c1Cl,0
C[C@@H](c1ccc2[nH]c(=O)sc2c1)c1ccn(-c2ccc(OCCO)cn2)n1,0
COc1cc(C)c2nc3[nH]nc(C)c3c(N3CCC(O)CC3)c2c1,0
FC(F)(F)c1ccccc1-c1cc(C(F)(F)F)c2[nH]c(C3=NOC4(CCCCC4)C3)nc2c1,0
C=Cn1ncc2c1nc(N)n1c(=O)n(Cc3ccccc3)nc21,0
C[C@@H](c1ccc2[nH]c(=O)sc2c1)c1ccn(-c2ccc(OCCO)cn2)n1,0
CS(=O)(=O)NC[C@@H]1CCC[C@@]2(S(=O)(=O)c3ccc(C(F)(F)F)cc3)c3c(F)ccc(F)c3OC[C@@H]12,0
FC(F)(F)Cc1cnc2c(Cl)c(-c3cc(Cl)c4[nH]ccc4c3)ccn12,0
CC(C)S(=O)(=O)NC[C@H]1CC[C@H](NC(=O)CN2CC(C)(C)c3cc(Cl)ccc32)CC1,0
CN(C)C(=O)N1CC(Oc2ccc3oc(-c4cc5cccn5cn4)c/c(=N\O)c3c2)C1,0
Cc1onc(NC(=O)N2CCN(c3nc(-c4ccc(F)cc4)cs3)CC2)c1C,0
CCc1cc(-c2nnc(-c3cc(C)nc(N(CC)CC)c3)o2)cc(C)c1OC[C@@H](O)CNC(=O)CO,0
COc1cc(-n2cnn3cc(-c4ccc(Cl)cn4)cc3c2=O)ccc1OCC1(OC(=O)CN)CC(F)(F)C1,1
CC(C)N1CCN(C(=O)c2ccc(CN3CCC(F)CC3)cc2)CC1,0
CCc1cc(-c2noc(-c3cc(C)nc(N(CC)CC)c3)n2)cc(C)c1OC[C@@H](O)CO,0
Cn1nc(-c2cccc3ccccc23)cc1C(=O)N1CCC(CO)CC1,0
CNCc1cc(C#CCCN2CCOCC2)ccc1Oc1ccc(Cl)cc1,0
CC[C@@H](NC(=O)c1ccc2c(c1)ncn2Cc1ncc(F)cc1F)c1ccccc1,0
CC(C)S(=O)(=O)NC[C@H]1CC[C@H](NC(=O)Cn2c(=O)sc3cc(Cl)ccc32)CC1,0
CC(C)S(=O)(=O)NC[C@H]1CC[C@H](NC(=O)Cn2ccc3cc(Cl)ccc32)CC1,0
O=C(O)c1cc2occc2[nH]1,0
O=C(c1ccc(-n2nc(C(F)(F)F)c3c2CCCC3)cc1)N1CCCC1,0
CC(C)COc1ccc2c(c1)[C@]1(COC(N)=N1)c1cc(-c3cncnc3)ccc1O2,1
NCCc1cn(S(=O)(=O)c2c(Cl)nc3sccn23)c2ccccc12,0
CCCCC(=O)NC1CCN(c2ncnc3c2nc(-c2ccccc2Cl)n3-c2ccc(Cl)cc2)CC1,0
O=C([C@H]1C[C@H](Oc2cccc(F)c2)CN1)N1CCCN(C2CCC2)CC1,1
Cc1ccc(N2CCN(C(=O)[C@H](C)Cc3ccc(Cl)cc3)CC2)c([C@H](CC(C)C)NC(=O)CCN(C)C)c1,0
CC[C@H](C)COc1ccc([C@H](CN)NC(=O)[C@@H](C)c2ccccc2)cc1,0
CCOC(=O)C1=C(NC(C)=O)Oc2cc(O)ccc2C1c1cccnc1,0
CS(=O)(=O)NC1(c2ccccc2)CCN(c2ncnc3c2nc(-c2ccccc2Cl)n3-c2ccc(Cl)cc2)CC1,0
CC(C)COc1ccc(Cl)cc1-c1ccccc1-c1cccc(C(=O)O)n1,0
Cc1nc2cccc(C(F)(F)F)c2c(=O)n1-c1ccc(OCCCN2CCCC2)cc1,0
O=S(=O)(NC[C@H]1CC[C@H](Nc2nc3c(s2)CCSc2ccccc2-3)CC1)c1cccs1,0
N#CC1(c2ccccn2)CCN(Cc2cc(C(=O)N[C@H]3CCCC[C@@H]3F)c(=O)n3ccccc23)CC1,0
COc1cc(-n2cnn3cc(-c4ccc(Cl)cc4)cc3c2=O)ccc1N1C[C@H](OC(=O)[C@@H](N)C(C)C)[C@H](OC(=O)[C@@H](N)C(C)C)C1,0
Cc1ccc(C(=O)N2CC[C@@](O)(c3ccccc3)[C@@H]3CCCC[C@@H]32)cn1,1
COc1cc(-c2cn(C3CCc4c(F)cccc4N(CC(F)(F)F)C3=O)nn2)ccc1-n1cnc(C)c1,1
Cc1ccoc1C(=O)Nc1ccc(N2C(=O)c3cccc(F)c3C2=O)cc1F,0
O=C(O)C[C@H]1CCc2c1[nH]c1ccc(OCc3ccc(C4CCCC4)c(C(F)(F)F)c3)cc21,0
O=c1[nH]c(N2CCC(c3ccccc3)CC2)c(Cc2ccccc2)c(=O)[nH]1,0
O=C1CCc2ccc(OCCCCN3CCN(c4cccc(Cl)c4Cl)CC3)cc2N1,0
COc1cc(-c2nnc3n([C@@H](C)c4cc(F)c(F)c(F)c4)cc(Cl)cc2-3)ccc1-n1cnc(C)c1,0
CCN(CC)C(=O)[C@@]1(c2ccccc2)C[C@H]1CN,0
Cc1n[nH]c(C)c1CC(=O)NCc1ccc(Cl)cc1Cl,1
CC[C@@H]1C(=O)N(C)c2cnc(-n3ccnc3-c3ccc(F)cc3)nc2N1c1ccn(C)n1,1
Cc1nc2ccc(CN3CCCC(CO)C3)cc2n2c(-c3ccccc3Cl)nnc12,0
C[C@@H]1CCCN1CCCOc1ccc(C2=NNC(=O)CC2)cc1,1
O=C(c1ccc(-n2nc(C(F)(F)F)c3c2CCCC3)cc1)N1CCCC1,0
CNCc1cc(C#CCCN2CCOCC2)ccc1Oc1ccc(Cl)cc1,0
CC(C)Cc1nn(C)c(=O)c2c(SCCCO)n(Cc3cccc4ccccc34)cc12,0
C[C@H](c1cccnc1F)c1c(CCN(C)C)sc2ccccc12,0
COc1cnc(C(=O)Nc2cc(F)c(F)c([C@]3(C)C[C@@H](c4c(C)noc4C)SC(N)=N3)c2)cn1,0
c1ccc(Nc2nc3c(s2)CCc2n[nH]cc2-3)nc1,0
CC(=O)O[C@@H]1CC[C@@]2(C)[C@@H](CC[C@]3(C)[C@@H]2CC=C2[C@@H]4[C@@H](C)[C@H](C)CC[C@]4(C)CC[C@]23C)[C@@]1(C)C(=O)O,0
CC(C)C[C@H](NC(=O)CCN(C)C)c1cc(Cl)ccc1N1CCN(C(=O)[C@H](C)Cc2ccc(Cl)cc2)CC1,0
CCc1nc(Cl)c2n1CCN([C@@H](C(=O)NC)c1ccccc1)[C@H]2CCc1ccc(C(F)(F)F)c(F)c1,0
Cc1ncccc1N1CCC(Cc2ccc3oc(-c4cc5sccc5cn4)c/c(=N\O)c3c2)CC1,0
Cc1ccoc1C(=O)Nc1ccc(N2C(=O)c3ccc(Cl)cc3C2=O)c(Cl)c1,0
O/N=c1\cc(-c2cc3sccc3cn2)oc2ccc(CCCN3CCOCC3)cc12,0
C[C@H]1Cn2c(nnc2-c2ccc(F)cc2)CN1C(=O)c1cccc(Cl)c1Cl,0
C#CCN(CC)C(=O)[C@@]1(c2cccs2)C[C@H]1CN,0
CC(=O)N1CCc2c(sc3nc(CCCCN4CCN(c5ccc6ccccc6n5)CC4)n(N)c(=O)c23)C1,0
C[C@H]1Cn2c(nnc2-c2ccc(F)cc2)CN1C(=O)c1cccc(C(F)(F)F)c1Cl,0
C[C@@H](c1ccccn1)c1c(CCN(C)C)sc2ccccc12,0
COc1cc(C)c2nc3[nH]nc(C)c3c(CN3CCCOCC3)c2c1,0
Cc1ncccc1N1CCC(Cc2ccc3oc(-c4cc5sccc5cn4)c/c(=N\O)c3c2)CC1,0
O=C(N[C@@H]1C[C@H]2CCN(C2)C1)c1cc2ccoc2cn1,0
O=C(c1ccc(Oc2ccc(F)cc2)cn1)N1CCCN(C2CCC2)CC1,1
CCCS(=O)(=O)[C@H]1CN[C@@H]([C@@H](O)[C@H](Cc2cc(F)cc(F)c2)NC(=O)[C@H](CCc2ccccc2)N2CC[C@](NC(C)=O)(C(C)CC)C2=O)C1,0
C/C(=N\c1ccc2c(c1)[C@@H](NC(=O)c1ccc(Br)cc1)[C@H](O)C2)N(C)c1ccc(F)cc1,0
Nc1nc(C(=O)NCc2cccc3cccnc23)c2ccccc2n1,1
O/N=c1\cc(-c2cc3sccc3cn2)oc2ccc(OCCN3CCOCC3)cc12,0
CC(C)COc1ccc(Cl)cc1-c1ccccc1-c1cccc(C(=O)O)n1,1
NCCc1cn(S(=O)(=O)c2c(Cl)nc3sccn23)c2ccccc12,0
O=C1c2ccc(OC3CCN(C4CCC4)CC3)cc2CCN1C1CCN(C2CCC2)CC1,0
COc1cc(-c2nnc3n([C@@H](CO)c4ccc(F)cc4)cc(Cl)cc2-3)ccc1-n1cnc(C)c1,0
CC1(C)CC[C@]2(C)CC[C@]3(C)C(=CC[C@@H]4[C@@]5(C)CC[C@@H](O)[C@](C)(C(=O)O)[C@@H]5CC[C@]43C)[C@@H]2C1,0
CC(C)S(=O)(=O)NC[C@H]1CC[C@H](NC(=O)CN2C(=O)CCc3cc(Cl)ccc32)CC1,0
C[C@H]1[C@H]2CC[C@H]3[C@@H]4CC=C5C[C@@H](N(C)C)CC[C@]5(C)[C@H]4CC[C@]23CN1C,0
O=C(c1ccc(-c2ccc(=O)n(-c3ccc(F)cc3)n2)cc1)N1CCC[C@H]1CN1CCCC1,0
CC(=O)O[C@@H]1CC[C@@]2(C)[C@@H](CC[C@]3(C)[C@@H]2CC=C2[C@@H]4[C@@H](C)[C@H](C)CC[C@]4(C)CC[C@]23C)[C@@]1(C)C(=O)O,0
COc1cc(-c2ccc(N[C@@H](C)c3ccc(F)cc3)nc2)ccc1-n1cnc(C)c1,1
CC(C)S(=O)(=O)NC[C@H]1CC[C@H](NC(=O)Cn2ccc3cc(F)ccc32)CC1,0
Cc1noc(/C(=C/c2cccc(-c3cc(C(C)(C)S(C)(=O)=O)cc4cccnc34)c2)c2ccc(S(C)(=O)=O)cc2)n1,0
CC(=O)Nc1cc(-c2cncc(O)c2)nc(-n2nc(C)cc2C)n1,0
CC[C@H](C)COc1ccc([C@H](CO)NC(=O)[C@H]2C[C@@H]2c2cccs2)cc1,1
C[C@H](Oc1ccc(S(C)(=O)=O)cc1C(=O)N1Cc2cc(C(F)(F)F)cnc2C1)C(F)(F)F,0
C[C@H]1[C@H](C)CC[C@]2(C)CC[C@]3(C)C(=CC[C@@H]4[C@@]5(C)CC[C@@H](O)[C@](C)(C(=O)O)[C@@H]5CC[C@]43C)[C@H]12,0
Cc1onc(NC(=O)N2CCN(c3nc(-c4ccccc4)cs3)CC2)c1C,0
Cc1nc(C2CCOCC2)n2c1sc1cc(OCc3ccc4ccccc4n3)ccc12,0
NC(=O)[C@H](Cc1ccccc1)NC(=O)[C@H](Cc1c[nH]c2ccccc12)NC(=O)[C@@H]1CCCN1C(=O)[C@H](Cc1ccc(O)cc1)NC(=O)CCC(=O)N[C@@H]1O[C@H](CO)[C@@H](O[C@@H]2O[C@H](CO)[C@H](O)[C@H](O)[C@H]2O)[C@H](O)[C@H]1O,1
COc1cc(C(O)P(=O)(O)CC[C@H](N)C(=O)O)cc([N+](=O)[O-])c1O,0
O=C(O)c1cccc(Cc2cc(Cl)ccc2OCc2ccc(Cl)cc2F)n1,0
COC(=O)N1CCN(C(=O)Cc2ccc(Cl)c(Cl)c2)[C@@H]2[C@@H](N3CC[C@@H](O)C3)CCC[C@@H]21,0
CN1CC(c2cn(C)c3cc(-n4ccc(OCc5ccccc5)cc4=O)ccc23)C1,0
C#CCN(CC)C(=O)[C@@]1(c2cccs2)C[C@H]1CN,0
C[C@@H](OC(=O)N1CCC(O[C@H]2CC[C@H](Oc3cnc(S(C)(=O)=O)cn3)CC2)CC1)C(F)(F)F,0
CNCc1cc(C#CCCN2CCSCC2)ccc1Oc1ccc(SC)cc1,0
COc1ccc2c(c1)C(=O)O[C@]21CC[C@H](C(=O)N(C)CCN2CCCCC2)CC1,0
CC(C)S(=O)(=O)NC[C@H]1CC[C@H](NC(=O)CN2CCc3cc(Cl)ccc32)CC1,0
C[C@@H]1CCCN1CCc1ccc(-c2ccc(S(N)(=O)=O)cc2)cc1,0
COc1cc(-c2nnc3n([C@@H](C)c4ccc(F)cc4)cc(Cl)cc2-3)ccc1-n1cnc(C)c1,0
CS(=O)(=O)NC1(c2ccccc2)CCN(c2ncnc3c2nc(-c2ccccc2Cl)n3-c2ccc(Cl)cc2)CC1,0
O=C(O)c1cc(-c2cccc(COc3ccc4c(c3)CN(C3CCCC3)C4=O)c2)ccc1Cl,1
COc1cc(-c2cc(C)c(N[C@@H](C)c3ccc(F)cc3)nn2)ccc1-n1cnc(C)c1,1
O=C(O)c1cc(CN2CCc3ccccc3C2c2ccncc2)c2ccccn2c1=O,0
Fc1ccc(C2(c3ccc(F)cc3)CNC(c3cnccn3)=N2)cc1,0
O/N=c1\cc(-c2cc3sccc3cn2)oc2ccc(O[C@@H]3CCN(c4ccncn4)C3)cc12,0
O=c1cc(CN2CCOc3c(Cl)cc(-n4ccc5cc(F)ccc54)cc3C2)cc[nH]1,0
CNC(=O)[C@@H](c1ccccc1)N1CCn2c(C3CC3)nc(Cl)c2[C@@H]1CCc1ccc(C(F)(F)F)cc1F,0
CCCCC(=O)NC1CCN(c2ncnc3c2nc(-c2ccccc2Cl)n3-c2ccc(Cl)cc2)CC1,0
CC(=O)O[C@@H]1CC[C@@]2(C)[C@@H](CC[C@]3(C)[C@@H]2C(=O)C=C2[C@@H]4[C@@H](C)[C@H](C)CC[C@]4(C)CC[C@]23C)[C@@]1(C)C(=O)O,0
Cc1ccc(N2CCN(C(=O)[C@H](C)Cc3ccc(Cl)cc3)CC2)c([C@@H](NC(=O)CCN(C)C)C(C)C)c1,0
O=c1n(CC(F)(F)F)c2cccnc2n1[C@H]1CCCN(c2nccc(-c3ccc(Cl)s3)n2)C1,0
O=C1N[C@H](c2cncc(C#Cc3ccccc3)c2)[C@@H](c2cc(F)ccc2F)O1,0
O=C(N[C@H]1CCCC[C@@H]1O)c1cc(CN2CCN(c3cc4scnc4cn3)CC2)c2ccccn2c1=O,0
CN(C)CCC1=C(Cc2cccnn2)c2ccc(F)cc2C1,0
COc1cc(C(O)P(=O)(O)CC[C@H](N)C(=O)O)cc([N+](=O)[O-])c1O,0
NC(=O)c1ccccc1S(=O)(=O)c1ccc(/C=C/c2ccc(F)cc2F)cc1,1
CC(=O)N1CCC(Oc2ccc3oc(-c4cc5cccn5cn4)c/c(=N\O)c3c2)CC1,0
CC(C)S(=O)(=O)NC[C@H]1CC[C@H](NC(=O)CN2C(=O)COc3cc(Cl)ccc32)CC1,0
O=C(c1ccc(Oc2ccc(F)cc2)nc1)N1CCCN(C2CCC2)CC1,0
O=C(c1ccc(Oc2cccc(Cl)c2)nc1)N1CCCN(C2CCC2)CC1,0
CC(C)c1cccc(-c2c(-c3ccc4nn(C)cc4c3)nsc2NC(=O)[C@@H]2C[C@H]2C)n1,0
CS(=O)(=O)NC[C@H]1CC[C@H](Nc2nc3c(s2)CCSc2ccccc2-3)CC1,0
Cn1c2ccccc2c2cc(CCOc3nccnc3-c3ccc(F)cc3)cnc21,0
COc1cc(Nc2nn3c(N[C@H](CO)Cc4ccccc4)cc(C4CC4)nc3c2C(N)=O)cc(OC)c1,0
Nn1c(CCCCN2CCN(c3ccc4ccccc4n3)CC2)nc2c(c1=O)CCCC2,0
O=C(Nc1nc(C(F)(F)F)co1)C1c2ccccc2Oc2ccccc21,0
CCc1cc(-c2noc(-c3sc(C)c4c3C[C@@H]3[C@H]4C3(C)C)n2)cc(C)c1CCC(=O)O,0
O=C(N1CCCCC1)N1CC(O[C@@H](c2ccc(Cl)cc2)c2cccnc2Cl)C1,0
Nn1c(CCCCN2CCN(c3ccc4ccccc4n3)CC2)nc2ccccc2c1=O,0
C/C(=N\c1ccc2c(c1)[C@@H](NC(=O)c1ccc(Br)cc1)[C@H](O)C2)NCc1ccc(F)cc1,0
C[C@@H]1CCCN1CCc1cc2cc(-c3ccc(C#N)cc3)ccc2o1,0
COc1nc(N2C[C@H]3C(=O)N(C)C(N)=N[C@@]3(c3c(F)ccc(F)c3F)C2)nc(C)c1F,0
CC(C)N1CCC(Oc2ccc3[nH]c(C(=O)N4CCC(F)(F)CC4)cc3c2)CC1,0
CCCS(=O)(=O)[C@H]1CN[C@@H]([C@@H](O)[C@H](Cc2cc(F)cc(F)c2)NC(=O)[C@H](CCc2ccccc2)N2CC[C@](NC(C)=O)(C(C)CC)C2=O)C1,0
COc1cccc(C2CCN(C(=O)C3CC3)CC2)c1,0
COc1c(C(=O)N[C@H]2CCCC[C@@H]2O)cc(Cc2ccc(-c3cccnc3)nc2)c2ccccc12,0
CC(C)S(=O)(=O)N[C@H]1Cc2ccc(-c3ccc(F)nc3)cc2C1,0
CC(=O)N1CC(Oc2ccc3oc(-c4cc5sccc5cn4)c/c(=N\O)c3c2)C1,0
CC(C)CC(C(=O)O)c1ccc(OCC2CC2)c(-c2ccc(C(F)(F)F)cc2)c1,1
CC(C)Cc1nn(C)c(=O)c2c(SCCCO)n(Cc3cccc4ccccc34)cc12,0
CCCCOc1cncc(-c2nnc3c(C)nc4ccncc4n23)c1,0
c1ccc(Nc2nc3c(s2)CCCc2n[nH]cc2-3)nc1,0
Cc1nc2n(c(=O)c1CCN1CCC(c3noc4cc(F)ccc34)CC1)CCCC2,0
N#CC1(c2ccccn2)CCN(Cc2cc(C(=O)NC3CCOCC3)c(=O)n3ccccc23)CC1,0
Fc1ccc2c(c1)nc(N1CCN(Cc3c[nH]cn3)CC1)c1cccn12,0
COC(=O)N1CCN(C(=O)Cc2ccc(Cl)cc2)[C@@H]2[C@@H](N3CC[C@H](O)C3)CCC[C@@H]21,0
Cc1ccccc1CNC(=O)c1cncc(N2C[C@H]3CNC[C@H]3C2)c1,0
CCc1cc(-c2noc(-c3cc(C)nc(N(CC)CC)c3)n2)cc(C)c1OC[C@@H](O)CNC(=O)CO,0
O=C1O[C@]2(CC[C@H](C(=O)Nc3ncc(-c4cccc(OCF)c4)cn3)CC2)c2cnccc21,0
O/N=c1\cc(-c2cc3sccc3cn2)oc2ccc(O[C@@H]3CCN(c4ccncn4)C3)cc12,0
CCC(=O)Nc1cc(-c2cncc(OC)c2)nc(-n2nc(C)cc2C)n1,0
CCn1c(=O)n([C@H]2CCCN(c3cc(-c4ccc(F)cc4)nc(N)n3)C2)c2ncccc21,0
Cn1ccc(-c2ccc(Cn3cc(C(=O)N[C@H]4CCOC[C@@H]4O)c4ncccc43)cc2)n1,0
COc1cc(-n2cnn3cc(-c4ccc(Cl)cn4)cc3c2=O)ccc1OCC1(OC(=O)CN)CC(F)(F)C1,1
NCCc1cn(S(=O)(=O)c2c(Cl)nc3sccn23)c2ccccc12,0
c1ccc2sc(NC3=NCC4(CN5CCC4CC5)N3)nc2c1,0
NC[C@@H]1C[C@@]1(C(=O)N1Cc2ccccc2C1)c1cccs1,0
Cc1cc(NC(=O)OC(C)(C)C)nn1Cc1cc(Cl)ccc1OCc1ccccc1,0
Cn1ncc(-c2nn(C)c3ncnc(N4CCC4)c23)c1-c1ccc(C(F)(F)F)cc1,0
COC[C@H]1CCCN1c1cc(NC(C)=O)nc(-n2nc(C)cc2C)n1,0
CCOc1cccc([C@]2(N3CCN(c4ccccc4)CC3)[C@@H]3C[C@@H](C)C[C@@H]32)c1,0
CN1CC(c2c[nH]c3cc(-n4ccc(OCc5ccccc5F)cc4=O)ccc23)C1,0
CS(=O)(=O)NC[C@H]1CC[C@H](Nc2nc3c(s2)CCSc2ccccc2-3)CC1,0
C[C@H](NC(=O)/C=C/c1ccccc1F)c1cccc(Oc2cccnc2)c1,1
CC(C)C(=O)NC1CCN(c2cnc(-c3ccc(C(F)(F)F)cc3)c(-c3ccncc3Cl)n2)CC1,0
COc1nc(N2C[C@H]3C(=O)N(C)C(=N)N[C@@]3(c3ccc(F)cc3F)C2)nc(C)c1F,0
N#Cc1ccc(-c2cc(N3CCNCC3)nc(N)n2)cc1,0
Clc1ccc(CN2CCO[C@H](CSc3ccccc3)C2)cc1,0
CCc1nc(Cl)c2n1CCN([C@@H](C(=O)NC)c1ccccc1)[C@H]2CCc1ccc(C(F)(F)F)cc1,0
CC(C)(CO)NC(=O)c1nn(-c2ccc(F)cc2F)c2c1C[C@H]1C[C@@H]21,0
Cc1ccc(-n2c(C)ccc2-c2cc(Cl)ccc2OCc2ccc(F)cc2)cc1C(=O)O,1
CCc1cc(-c2noc(-c3cc(C)nc(N(CC)CC)c3)n2)cc(C)c1OC[C@@H](O)CNC(=O)CO,0
CNCCC(=O)N[C@H](c1cc(C)ccc1N1CCN(C(=O)[C@H](C)Cc2ccc(Cl)cc2)CC1)C(C)C,0
CCC(C)(C)Cc1c[nH]c(CCc2ccc(N3CCCC[C@@H]3C(=O)O)cc2)n1,0
CNCc1cc(C#CCCN2CCSCC2)ccc1Oc1ccc(SC)cc1,0
C[C@@H](NC(=O)c1ccc(OCc2cccc(F)c2)nc1)C(C)(C)C,1
CCCOCc1ccc(Cl)c(-c2nnc3c(C)nc4ccncc4n23)c1,0
COc1ccc(C(=O)O)cc1-c1cccc(COc2ccc3c(c2)CN(C2CCCC2)C3=O)c1,0
COc1cccc(C2=NC(C(F)(F)F)(C(F)(F)F)c3c(n(-c4ccc(Cl)cc4)c(=O)[nH]c3=O)N2)c1,0
CCc1cc(-c2noc(-c3sc(C)c4c3C[C@@H]3[C@H]4C3(C)C)n2)cc(C)c1CCC(=O)O,0
CNC(=O)c1ccc(Oc2ccc3c(c2)CCN(C2CCC2)CC3)nc1,0
CC(=O)Nc1cc(-c2cccc(N3CCOCC3)n2)nc(-n2nc(C)cc2C)n1,0
O=C1CCCN1[C@H]1CC[C@@H](C(=O)Nc2ncc(-c3cc(F)cc(F)c3)cn2)CC1,0
Cc1nc2cccc(C(F)(F)F)c2c(=O)n1-c1ccc(OC2CCN(C3CCC3)CC2)cc1,0
CNCc1cc(C#CCCN2CCOCC2)ccc1Oc1cccc(F)c1,0
CNC(=O)c1c(NCC2CCC3(CCC3)CC2)nc(C#N)nc1OCC1CCNCC1,0
COc1cc(C)c2nc3[nH]nc(C)c3c(N3CCC(N)CC3)c2c1,0
CNC(=O)[C@@H](c1ccccc1)N1CCn2c(C3CC3)nc(Cl)c2[C@@H]1CCc1ccc(C(F)(F)F)c(F)c1,0
O=C(N[C@H]1CCC[C@@H]1O)c1cn(-c2ccc(Cl)cc2)c(-c2ccccc2Cl)n1,0
N#CC1(c2cccnc2)CCN(Cc2cc(C(=O)O)c(=O)n3ccccc23)CC1,0
N#Cc1ccc(O[C@@H]2CN[C@@H](C(=O)N3CCCN(C4CCCC4)CC3)C2)cc1,0
C[C@H](c1c(CCN(C)C)sc2ccccc12)n1cccn1,0
CCO[C@@H]([C@H]1C[C@@H](C)[C@H]2[C@H](O1)[C@H](O)[C@@]1(C)[C@@H]3CC[C@H]4C(C)(C)[C@@H](O[C@H]5CN(CC6CN(CC(C)(C)O)C6)CCO5)CC[C@@]45C[C@@]35CC[C@]21C)C(C)(C)O,1
CNCc1cc(C#CCCN(C)C2CC2)ccc1Oc1ccc(SC)cc1,0
Cc1c(OCCCCOc2ccc(C(=O)CC(C)(C)C)c(O)c2C)cccc1C(=O)O,0
Cn1c(CCC(=O)N2CCC[C@H]2C(=O)Nc2ccccc2-c2ccccc2)nc2ccccc21,1
COc1cc(/C=C2\CCCN3C2=NOC[C@@H]3c2cc(F)c(F)c(F)c2)ccc1-n1cnc(C)c1,0
CC(=O)N[C@@H](Cc1ccc(F)cc1)[C@H](O)CN[C@H]1CC2(CCC2)Oc2ncc(CC(C)(C)C)cc21,0
Oc1cc(N2CC3CC2CN3)cnc1Cl,0
CN1CC(N2CCc3cc(-n4ccc(-c5ccc(Cl)cc5)cc4=O)ccc32)C1,0
CNCc1cc(C#CCCN2CCOCC2)ccc1Oc1ccc(Cl)c(C(F)(F)F)c1,0
Cc1cc2c(cc1Cl)C1(CCN(C(=O)[C@@H]3CN(C4CCOCC4)C[C@H]3c3ccc(F)cc3F)CC1)O[C@@H]2C(C)(C)C#N,0
Cc1ccc(-n2cnc3c(sc4nc(N)nc(N)c43)c2=O)cc1,0
N#CC1(c2ccccc2C(F)(F)F)CCC(CNc2ncccc2NC(=O)c2ccno2)CC1,0
Cc1c(C2CC2)nc2ccc(NC(=O)c3ccc(-c4ccc(C(F)(F)F)cn4)cc3)cn12,0
CNC(=O)c1c(NCC2CCC3(CCC3)CC2)nc(C#N)nc1OCC1CCN(C(C)C)CC1,0
CSc1nc2ccccn2c(=N)c1S(=O)(=O)c1ccccc1,0
CC(C)COc1ccc(Cl)cc1-c1ccccc1-c1cccc(C(=O)O)n1,0
O=C(Nc1cncc(Oc2cncnc2)n1)c1cc(Cl)ccn1,0
Cc1nnc2sc(C(=O)NC3CN(c4cccc(F)c4F)C3)c(N)c2c1C,0
O/N=c1\cc(-c2cc3cccn3cn2)oc2ccc(OCCN3CCOCC3)cc12,0
COc1nc(Nc2cccc3c2nc(-c2ccc(F)cc2)n3C)ccc1-n1cnc(C)c1,1
c1ccc(-n2cc(-c3ccnc4ccccc34)cn2)cc1,0
Cc1ccc(N2CCN(C(=O)[C@H](C)Cc3ccc(Cl)cc3F)CC2)c([C@@H](NC(=O)CCN(C)C)C(C)C)c1,0
Cc1cccc(NC(=O)c2cncc(N3C[C@H]4CNC[C@H]4C3)c2)c1,0
Nn1c(CCCCN2CCN(c3ccc4ccccc4n3)CC2)nc2ccccc2c1=O,0
Cc1nnc(-c2cccc(-c3nnc(N4CCC(N5CCCCC5)CC4)s3)c2)o1,0
C#Cc1ccc2c(c1)C(c1ccccn1)=NCc1c(-c3nc(CC)no3)ncn1-2,1
NC1=N[C@@]2(c3cc(NC(=O)c4cnc(C(F)F)cn4)ccc3F)CO[C@H](CF)[C@H]2CS1,0
CN1CC(N2CCc3cc(-n4ccc(OCc5ccccc5)cc4=O)ccc32)C1,0
CNCc1cc(C#CCCN2CCC(F)CC2)ccc1Oc1ccc(SC)cc1,0
O=C(c1ccc(Sc2ccc(F)cc2)cn1)N1CCCN(C2CCC2)CC1,0
CCCCCCCCCCCCC[C@H](O)C[C@H](O)[C@H](C)N,1
CC(C)(C)C(=O)c1oc2nc(-c3ccccc3Cl)c(-c3ccc(Cl)cc3)cc2c1NC(=O)CO,0
O=C(NC1CC1)c1cn(-c2cccc(C#Cc3ccc[n+]([O-])c3)c2)c2ncccc2c1=O,0
Nc1cc(CN2CCC(F)(C(=O)N3CCC(N4CCc5ccccc5CC4)CC3)CC2)ccn1,0
CCc1nc(Cl)c2n1CCN([C@@H](C(=O)NC)c1ccccc1)[C@H]2CCc1ccc(F)c(F)c1F,0
CO[C@H](C)C(=O)N[C@@H](Cc1ccc2c(c1)OCO2)[C@H](O)CN[C@H]1CC2(CCC2)Oc2ncc(CC(C)(C)C)cc21,0
O=C(N1CCCCC1)N1CC(O[C@@H](c2ccc(Cl)cc2)c2cccnc2Cl)C1,0
O=C(c1ccc(-n2nc(C(F)(F)F)c3c2CCCC3)cc1)N1CCCC1,0
CNCc1cc(C#CCCN2CCOCC2)ccc1Oc1ccc(C(F)(F)F)cc1,0
CCOC(=O)C(CS)NC(=O)C1CCCN1C(=O)C(C)c1ccc(CC(C)C)cc1,0
O=C(O)c1cccc(Cc2cc(Cl)ccc2OCc2ccc(F)cc2Cl)n1,0
N#CC1(NC(=O)[C@@H]2Cc3ccc(c(Cl)c3)OCCCCOc3cc(C(F)(F)F)ccc3C(=O)N2)CC1,0
CC[C@@H](NC(=O)c1ccc2c(c1)ncn2Cc1ccc(Cl)c(Cl)c1)c1ccccc1,0
CCS(=O)(=O)C[C@H](COc1ccc(-n2cnn3cc(-c4ccc(Cl)cn4)cc3c2=O)cc1OC)OC(=O)CN,0
CC(=O)N1CCC(c2nc(C)c3sc4cc(OCc5ccc6ccccc6n5)ccc4n23)CC1,0
COc1cc(-n2cnc3cc(-c4ccc(Cl)cc4)sc3c2=O)ccc1OCC(C)(C)OC(=O)CN,0
O=C(c1ccc(Oc2ccccc2)nc1)N1CCCN(C2CCC2)CC1,0
CC(=O)Nc1cc(-c2cccc(N3CCC(O)CC3)n2)nc(-n2nc(C)cc2C)n1,0
COc1cc(-n2cnn3cc(-c4ccc(Cl)cc4)cc3c2=O)ccc1OCC(OC(=O)[C@@H](N)C(C)C)C1CC1,1
COc1cc(C)c2nc3[nH]nc(C)c3c(N3CCN(C(N)=O)[C@@H](C)C3)c2c1,0
c1ccc(CC[C@@H]2CN(Cc3nc4ccccc4[nH]3)CCO2)cc1,0
CC(=O)Nc1cc(-c2cccc(N3CCC(O)CC3)n2)nc(-n2nc(C)cc2C)n1,0
CN(C)CCC(c1ccc(Cl)c(Cl)c1)N1CCOCC1,0
COc1cc(-n2cnn3cc(-c4ccc(Cl)cc4)cc3c2=O)ccc1OCC(C)OC(=O)[C@@H](N)C(C)C,1
CC(=O)N1CCC(COc2ccc3oc(-c4cc5sccc5cn4)c/c(=N\O)c3c2)CC1,0
C[C@@H]1c2nnc(-c3ccccn3)n2CCN1C(=O)c1cccc(Cl)c1Cl,0
CCCCc1cc(OC2CCN(CCCCNS(=O)(=O)CC)CC2)c2ncccc2c1,0
CNCc1cc(C#CCCN2CCOCC2)ccc1Oc1ccc(F)cc1Cl,0
C[C@H]1Cn2c(nnc2-c2ncccn2)C(=O)N1Cc1cccc(C(F)(F)F)c1Cl,0
COc1cc2c(cc1OC)-c1c(-c3cncs3)ncn1CC2,0
C[C@@H]1NC(c2cncc(C#N)c2)=N[C@@]1(c1ccc(F)cc1)c1ccc(F)nc1,0
CC(C)(C)c1ccc(OC[C@@H]2CN(c3cccc(C#N)c3)C(=O)O2)cc1,1
COc1cc(-n2cnn3cc(-c4ccc(Cl)cc4)cc3c2=O)ccc1OCC(C)OC(=O)[C@@H](N)C(C)C,1
CC(C)NC(=O)N1CCN(C(=O)Cc2ccc(Cl)c(Cl)c2)[C@@H]2[C@@H](N3CCCC3)CCC[C@@H]21,0
CNCc1cc(C#CCCN2CCOCC2)ccc1Oc1cccc(F)c1,0
CC(C)S(=O)(=O)NC[C@H]1CC[C@H](NC(=O)CCN2CCc3ccccc32)CC1,0
O=C1O[C@]2(CC[C@H](C(=O)Nc3cc(-c4ccccc4)[nH]n3)CC2)c2cnccc21,0
O=C(C1CC1)N1CC2CC(C1)N2,0
C=CC1CNC(=S)O1,0
N#CC1(c2ccccc2C(F)(F)F)CCC(CNc2ncccc2NC(=O)c2ccno2)CC1,0
COc1nc(N2C[C@H]3C(=O)N(C)C(=N)N[C@@]3(c3ccc(F)cc3F)C2)nc(C)c1F,0
Cc1c(C(=O)NN2CCCCC2)nn(-c2ccc(Cl)cc2Cl)c1-c1ccc(Cl)cc1,0
Cn1cc(Br)c(C(=O)N2CCN(CCc3ccc(F)cc3)CC2)n1,0
COc1cc(-c2cn(Cc3ccc(C(C)(C)C)cc3)nn2)ccc1-n1cnc(C)c1,1
CCS(=O)(=O)CC12CCC(c3nnc(-c4ccccc4C(F)(F)F)n3C)(CC1)CC2,0
Cn1cc(-c2ccc(Cn3cc(C(=O)O)c(=O)c4c3CCCC4O)cc2)cn1,0
O=C(O)c1cc(CN2CCN(c3ccc(Br)cc3)CC2)c2ccccn2c1=O,1
CCCNC(=O)[C@H](Cc1c[nH]cn1)NC(=O)CCN,0
N#Cc1cccc(C2=NC(c3ccc(F)cc3)(c3ccc(F)cc3)CN2)c1,0
C[C@H]1Cc2c(nnn2-c2ncc(F)cn2)CN1C(=O)c1ccnc(C(F)(F)F)c1F,0
C[C@H]1[C@H]2CC[C@H]3[C@@H]4CC=C5C[C@@H](N(C)C)CC[C@]5(C)[C@H]4CC[C@]23CN1C,0
CSc1ccc(C2CN(C)Cc3cc(OCCCN4CCOCC4)ccc32)cc1,0
COc1cc(/C=C2\CCCN3C2=NOC[C@@H]3c2cc(F)c(OC)c(F)c2)ccc1-n1cnc(C)c1,0
Cc1cc(C(=O)N[C@@H]2CC(C)(C)Oc3nc(-c4ccc(Cl)cc4Cl)c(-c4ccc(Cl)cc4)cc32)n[nH]1,0
CCCCC(=O)NC1CCN(c2ncnc3c2nc(-c2ccccc2Cl)n3-c2ccc(Cl)cc2)CC1,0
Cc1ccc(N2CCN(C(=O)[C@H](C)Cc3ccc(Cl)cc3C)CC2)c([C@@H](NC(=O)CCN(C)C)C(C)C)c1,0
COc1cc(-n2cnn3cc(-c4ccc(Cl)cn4)cc3c2=O)ccc1OC[C@H](OC(=O)CN)C1CC1,0
CC(C)S(=O)(=O)NC[C@H]1CC[C@H](NC(=O)CN2CCc3cc(Cl)ccc32)CC1,0
C/C(=N\c1ccc2c(c1)[C@@H](NC(=O)c1ccc(Br)cc1)[C@H](O)C2)Nc1ccc(F)cc1,0
COc1cccc(OC)c1[C@@H]1C[C@H](F)C(=O)N1Cc1ccc(OC(F)(F)F)cc1,0
COc1cc(-n2cnn3cc(-c4ccc(Cl)cn4)cc3c2=O)ccc1OCC(OC(=O)[C@@H](N)C(C)C)C1CC1,1
N#CC1(c2ccccn2)CCN(Cc2cc(C(=O)O)c(=O)n3ccccc23)CC1,0
CCCn1c(-c2cccc(OC)c2)nc2nc(C3CCCC3)[nH]c2c1=O,0
Cc1ccccc1CNC(=O)c1cncc(N2C[C@H]3CNC[C@H]3C2)n1,0
Cc1c(OCCCCOc2ccc(F)c(C(=O)O)c2)ccc(C(=O)CC(C)(C)C)c1O,0
CC(C)S(=O)(=O)NC[C@H]1CC[C@H](NC(=O)Cn2ccc3cc(Cl)ccc32)CC1,0
C[C@H]1Cn2c(nnc2-c2ccc(F)cc2)CN1C(=O)c1cccc(C(F)(F)F)c1Cl,0
O=C(c1ccc(Oc2ccc(Cl)c(Cl)c2)nc1)N1CCCN(C2CCC2)CC1,1
Cc1ccnc(C2(C#N)CCN(Cc3cc(C(=O)O)c(=O)n4ccccc34)CC2)c1,0
c1ccc2sc(NC3=NCC4(CN5CCC4CC5)N3)nc2c1,0
[2H]C([2H])(C)OC(=O)c1ncn2c1CN=C(c1ccccn1)c1cc(C#C)ccc1-2,0
Cc1cc(Oc2cnc(C)nc2)cc(C(=O)Nc2ccc(F)cn2)n1,1
NS(=O)(=O)NCc1csc2ccccc12,1
COc1cc(-n2cnn3cc(-c4ccc(Cl)cc4)cc3c2=O)ccc1OCC(C)(C)OC(=O)CN,1
CC(=O)O[C@@H]1CC[C@@]2(C)[C@@H](CC[C@]3(C)[C@@H]2C(=O)C=C2[C@@H]4[C@@H](C)[C@H](C)CC[C@]4(C)CC[C@]23C)[C@@]1(C)C(=O)O,0
C=CCN(CC=C)C(=O)[C@@]1(c2cccs2)C[C@H]1CN,0
O=C1CCCN1[C@H]1CC[C@@H](C(=O)Nc2ccc(-c3cc(F)cc(F)c3)cn2)CC1,1
O=C1O[C@]2(CC[C@H](C(=O)Nc3ncc(-c4cccc(CF)c4)cn3)CC2)c2cnccc21,0
COc1ccc(C[C@@H]2CCCN2C(=O)c2nc(C)sc2-c2cccc(C)c2)cc1OC,0
CN(C)S(=O)(=O)NCCCCCNc1nc(-c2ccccn2)cs1,0
O=S(=O)(c1ccccc1)c1ccc(/C=C/c2ccc(F)cc2F)nc1,0
O=C1O[C@]2(CC[C@H](C(=O)Nc3cnn(-c4ccccc4)c3)CC2)c2cnccc21,0
CCCN1CCC(Oc2ccc3[nH]c(=O)c4c(c3c2)CCSC4)CC1,0
CC(=O)Nc1cc(-c2cccc(N(C)C)n2)nc(-n2nc(C)cc2C)n1,0
Cc1c(C(=O)N2CCC(NC(=O)NC(C)(C)C)(c3ccccc3)CC2)nn(-c2ccc(Cl)cc2Cl)c1-c1ccc(Cl)cc1,0
CN1CCCC12CCN(CCOc1ccc3oc(-c4cc5sccc5cn4)c/c(=N\O)c3c1)CC2,0
Cc1cc(CCCOc2ccc3oc(-c4cc5cccn5cn4)c/c(=N\O)c3c2)ccn1,0
Cc1c(OCCCCOc2ccc(C(=O)O)cc2)ccc(C(=O)CC(C)C)c1O,0
Fc1ccc(C2(c3ccc(F)cc3)CNC(c3cnccn3)=N2)cc1,0
O=C(c1ccc(-n2nc(C(F)(F)F)c3c2CCOC3)cc1)N1CCCC1,0
CCNC1=N/C(=C\c2ccc(-n3cnc(C)c3)c(OC)c2)C(=O)N1[C@H](C)c1ccc(F)cc1,0
CC(=O)Nc1cccc(C2CCN(CCCn3c(-c4ccc(Cl)cc4)nc4ccccc43)CC2)c1,0
CN(Cc1ccccc1)C(=O)c1cncc(N2C[C@H]3CNC[C@H]3C2)c1,0
Cn1ncc2cc(CN3CCO[C@H](COc4ccccc4)C3)ccc21,0
CNC(=O)c1c(NCC2CCC3(CCC3)CC2)nc(C#N)nc1OCCO,0
c1ccc(COc2cncc(N3C[C@H]4CNC[C@H]4C3)n2)cc1,0
CCc1nn2ccc3c(c2c1CCNC(C)=O)CCO3,0
CS(=O)(=O)NC[C@H]1CC[C@H](Nc2nc3c(s2)CCSc2ccccc2-3)CC1,0
CCc1cc(-c2noc(-c3cc(C)c(CN(C)CC(C)C)s3)n2)cc(C)c1OC[C@@H](O)CNC(=O)CO,0
CS(=O)(=O)NC[C@H]1CC[C@H](Nc2nc3c(s2)CCSc2ccccc2-3)CC1,0
Cn1c2c(c(=O)n(C)c1=O)C(C(F)(F)F)(C(F)(F)F)NC(c1ccc(Cl)cc1)=N2,0
CC(C)Cc1nn(C)c(=O)c2c(SCCCO)n(Cc3ccc(C#CCCCOc4ccc(C[C@H](N)C(=O)O)cc4)c4ccccc34)cc12,0
CCS(=O)(=O)C[C@H](COc1ccc(-n2cnn3cc(-c4ncc(Cl)cn4)cc3c2=O)cc1OC)OC(=O)CN,0
COc1ccc([C@@H]2CN(C)Cc3cc(OCCCN4CCOC[C@@H]4C)ccc32)cc1,0
CNC(=O)c1c(NCC2CCC3(CCC3)CC2)nc(C#N)nc1OCC1CCN(C(C)=O)CC1,0
Cc1nc2n(c(=O)c1CCN1CCC(c3noc4cc(F)ccc34)CC1)CC(O)CC2,0
CC1CCCN1CCCOc1ccc(C(=O)CN2CCOCC2)cc1,0
NC(N)=NC(=O)c1ncc(-c2cccc(-c3ccccc3)c2)nc1N,0
O=c1cc(OCc2ccc(F)cc2)ccn1-c1ccc(OCCN2CCCC2)cc1,0
FC(F)(F)c1ccccc1-c1cc(C(F)(F)F)c2[nH]c(C3=NOC4(CCCCC4)C3)nc2c1,0
Cc1nc2ccc(CN3CCOCC3)cc2n2c(-c3ccccc3Cl)nnc12,0
COc1cc(/C=C2\CCCN3C2=NOC3(C)c2ccc(F)cc2)ccc1-n1cnc(C)c1,1
CC(C)S(=O)(=O)NC[C@H]1CC[C@H](NC(=O)CN2C(=O)COc3cc(Cl)ccc32)CC1,0
Cc1cc(Cl)cc2c(C(O)c3cccnc3)c3c(C)n[nH]c3nc12,0
C#CCNc1ccnc2sc3c(=O)n(-c4ccc(Cl)cc4)cnc3c12,0
CNCc1cc(C#CCCN2CCOCC2)ccc1Oc1ccc(Cl)c(C(F)(F)F)c1,0
N#Cc1ccnc(C2=NC(c3ccc(F)cc3)(c3ccc(F)cc3)CN2)c1,0
O=C1O[C@]2(CC[C@H](C(=O)Nc3cnn(-c4ccccc4)n3)CC2)c2cnccc21,0
O=C(N[C@@H]1C[C@H]2CCN(C2)C1)c1cc2ccoc2cn1,0
Cc1ccc(N2CCN(C(=O)[C@H](C)Cc3ccc(Cl)cc3)CC2)c([C@@H](NC(=O)CCN(C)C)C(C)C)c1,0
Cc1c(C(=O)NN2CCCCC2)nn(-c2ccc(Cl)cc2Cl)c1-c1ccc(Cl)s1,0
c1ccc2sc(NC3=NCC4(CN5CCC4CC5)N3)nc2c1,0
CC[C@@H](c1cc(F)c(F)c(F)c1)n1cc(Cl)cc2c(-c3ccc(-n4cnc(C)c4)c(OC)c3)nnc1-2,0
COc1nc(N2C[C@H]3C(=O)N(C)C(=N)N[C@@]3(c3ccc(F)cc3F)C2)nc(C)c1F,1
Cc1cc(S(=O)(=O)n2ccc(NC(=O)c3ccccn3)c2)ccc1Cl,0
O=c1cc(OCc2ccccc2)ccn1-c1ccc2c(C3CN(CCF)C3)c[nH]c2c1,0
COc1cc(-n2cnn3cc(-c4ccc(Cl)cn4)cc3c2=O)ccc1OCC1(OC(=O)CN)CC(F)(F)C1,1
O/N=c1\cc(-c2cc3cccn3cn2)oc2ccc(OCCN3CCOCC3)cc12,0
CS(=O)(=O)NC[C@H]1CC[C@H](Nc2nc3c(s2)CCSc2ccccc2-3)CC1,0
CCCCOc1cncc(-c2nnc3c(C)nc4ccc(CN5CCOCC5)cc4n23)c1,0
CC(C)Oc1ccc(COc2ccc3c(c2)c(Cl)c2n3CC[C@@H]2CC(=O)O)cc1C(F)(F)F,0
C[C@@H](c1ccc2[nH]c(=O)sc2c1)c1ccn(-c2ccc(OCCO)cn2)n1,0
COc1cccc(F)c1[C@@H]1C[C@@H](O)C(=O)N1Cc1ccc2oc3ccccc3c2c1,0
Cc1cc(C(=O)NN2CCOCC2)nn1Cc1cc(Cl)cc2cc(-c3ccccc3)oc12,1
O=c1ccnc2c(-c3nnc(N4CCC(N5CCCCC5)CC4)s3)cccn12,0
CCc1cc(-c2noc(-c3cc(C)nc(N(CC)CC)c3)n2)cc(C)c1OC[C@@H](O)CO,0
COC(=O)N1CCN(C(=O)Cc2ccc(F)c(Cl)c2)[C@@H]2[C@@H](N3CC[C@H](F)C3)CCC[C@@H]21,0
COc1ccc(NC(=O)Nc2ccc(F)cc2F)cc1-c1c(Br)cnn1C,0
Nn1c(CCCCN2CCN(c3ccc4ccccc4n3)CC2)nc2ccccc2c1=O,0
O=C1CC(c2nc(-c3cccc(Cl)c3)no2)CN1c1ccc(F)cc1,0
C[C@@H](NC(=O)c1cncc(N2C[C@H]3CNC[C@H]3C2)c1)c1ccccc1,0
C[C@@H]1CN(c2nnc(Cc3ccccc3)c3ccc(Cl)cc23)CCN1c1ccc(C#N)cn1,0
C[C@@H](c1ccccn1)c1c(CCN(C)C)sc2ccccc12,0
CNCc1cc(C#CCCN(C)C2CC2)ccc1Oc1ccc(SC)cc1,0
NC(=O)[C@H](Cc1ccccc1)NC(=O)[C@H](Cc1c[nH]c2ccccc12)NC(=O)[C@@H]1CCCN1C(=O)[C@H](Cc1ccc(O)cc1)NC(=O)CCC(=O)N[C@@H]1O[C@H](CO)[C@@H](O[C@@H]2O[C@H](CO)[C@H](O)[C@H](O)[C@H]2O)[C@H](O)[C@H]1O,1
Cn1c(SCC(=O)N2CCC[C@H]2C(=O)Nc2ccccc2-c2ccccc2)nc2ccccc21,1
COc1ccc2cc([C@H](C)C(=O)N3CC(O)CC3C(=O)NCCS)ccc2c1,0
N#Cc1cc(F)cc(N2CCc3oc(-c4ccccn4)nc3C2)c1,0
CC(C)COc1ccc([C@H](CO)NC(=O)[C@H]2C[C@@H]2c2cccs2)cc1,1
O=C(CO)NC1CC2(CCCCC2)Oc2nc(-c3ccccc3Cl)c(-c3ccc(Cl)cc3)cc21,0
CN(C)CC(c1ccc(O)cc1)C1(O)CCCCC1,0
Cc1nc(-c2cccc3ccccc23)sc1C(=O)N1CCC(CO)CC1,0
Cc1ccc(-n2cnc3c(sc4nc(C)nc(N)c43)c2=O)cc1,0
O=C1CCCN1Cc1c(F)cc(-n2nc(C(F)(F)F)c3c2CCOC3)cc1F,0
COc1ccc2cc([C@](C)(C=O)CN3CCCC3C(=O)NCCS)ccc2c1,0
CN(C)CCC(c1ccc(Cl)c(Cl)c1)N1CCOCC1,0
CC(C)Cc1nn(C)c(=O)c2c(SCCCO)n(Cc3ccc(C#CCCCOc4ccc(C[C@H](N)C(=O)O)cc4)c4ccccc34)cc12,0
CC(C)S(=O)(=O)NC[C@H]1CC[C@H](NC(=O)Cn2ccc3cc(C#N)ccc32)CC1,0
CNCc1cc(C#CCCN2CCOCC2)ccc1Oc1ccc(Cl)cc1,0
COc1ccc(-c2nsc(C)c2C(=O)/N=C(\N)NCc2cc(C)c(NC(=O)CN3CCC3)c(Cl)c2)cc1,0
CCOc1cccc([C@]2(N3CCN(c4ccccc4)CC3)[C@@H]3C[C@@H](C)C[C@@H]32)c1,0
Cc1nc2c3ccccc3nc(SCc3nc4ccccc4n3C)n2n1,0
CCn1c(=O)n([C@H]2CCCN(c3cc(-c4ccc(F)cc4)nc(N)n3)C2)c2ncccc21,0
Cc1cc(Oc2cncc(F)c2)cc(C(=O)Nc2ccc(F)cn2)n1,1
COC(=O)N1CCN(C(=O)Cc2ccc(Cl)c(Cl)c2)[C@@H]2[C@@H](N3CCCC3)CCC[C@@H]21,0
c1ccc2sc(NC3=NCC4(CN5CCC4CC5)N3)nc2c1,0
CNC(=O)c1c(NCC2CCC3(CCC3)CC2)nc(C#N)nc1OCC1CCN(C)CC1,0
O=C(NC1CC1)c1cn(-c2cccc(-c3ccc([C@@H]4C[C@H]4C(=O)O)c(F)c3)c2)c2ncccc2c1=O,0
O=C1c2ccc(OC3CCN(C4CCC4)CC3)cc2CCN1C1CCN(C2CCC2)CC1,0
Fc1cccc(Cl)c1Oc1cccc(F)c1OC1CCNC1,0
CCCNC(=O)[C@H](Cc1c[nH]cn1)NC(=O)CCN,0
CN1C(=O)CC[C@H]1C(=O)NCc1cccc(C(F)(F)F)c1Cl,1
CN(C)S(=O)(=O)N1CCN(C(=O)Cc2ccc(Cl)c(Cl)c2)[C@@H]2[C@@H](N3CCCC3)CCC[C@@H]21,0
Cc1nnc2sc(C(=O)NC3CN(c4cccc(F)c4F)C3)c(N)c2c1C,0
CCC(C)[C@@]1(NC(C)=O)CCN([C@@H](CCc2ccccc2)C(=O)N[C@@H](Cc2cc(F)cc(F)c2)[C@H](O)CNCc2cccc(OC)c2)C1=O,0
O[C@H]1CC[C@H](Nc2ccc(-c3ccn4c(CC(F)(F)F)cnc4c3Cl)cc2Cl)CC1,0
COc1ccc(C#Cc2ccc(C(=O)N3CCC[C@@H](CO)C3)cc2)cc1,1
CC(=O)N1CCCn2nc(COc3ccccc3)cc21,1
CCNC(=O)c1ccc2nc(C)c3nnc(-c4cnccc4C)n3c2c1,0
CCc1cc(-c2noc(-c3cc(C)nc(N(CC)CC)c3)n2)cc(C)c1OC[C@@H](O)CO,0
NC(=O)c1cccc(S(=O)(=O)c2ccc(/C=C/c3ccc(F)cc3F)cc2)c1,0
CC(C)Cc1ccc(C(C)C(=O)N2CCCC2C(=O)NCCS)cc1,0
CC(C)Oc1ccc(S(C)(=O)=O)cc1C(=O)N1Cc2ccc(C3CCOCC3)cc2C1,0
c1cnc2c(-c3nnc(N4CCC(N5CCCCC5)CC4)s3)cccc2c1,0
C[C@H]1Cc2c(nnn2-c2ncc(F)cn2)CN1C(=O)c1cccc(C(F)(F)F)c1F,0
Cc1ccc(N2CCN(C(=O)[C@@H]3CN(C4CCOCC4)C[C@H]3c3ccc(Cl)cc3)CC2)c([C@@H](NC(=O)CCN(C)C)C(C)C)c1,0
NC(=O)c1ccc(S(=O)(=O)c2ccc(/C=C/c3ccc(F)cc3F)cc2)cc1,0
CCCCc1cc(OC2CCN(CCCCNS(=O)(=O)CCC)CC2)c2ncccc2c1,0
O=C(c1ccc(Oc2ccc(F)cc2)nc1)N1CCCN(C2CCC2)CC1,1
CC(C)S(=O)(=O)NC[C@H]1CC[C@H](NC(=O)Cn2ccc3cc(Cl)ccc32)CC1,0
CC(C)S(=O)(=O)NC[C@H]1CC[C@H](NC(=O)CN2CCOc3cc(Cl)ccc32)CC1,0
O=C(O)c1cc(CN2CCC(c3nc4ccccc4[nH]3)CC2)c2ccccn2c1=O,0
CS(=O)(=O)NC[C@H]1CC[C@H](Nc2nc3c(s2)CCSc2ccccc2-3)CC1,0
O=C(O)c1cc(CN2CCN(c3ccc(C(F)(F)F)cc3)CC2)c2ccccn2c1=O,1
COC(=O)c1ccc2[nH]c([C@H]3CC[C@@]4(CC3)OC(=O)c3ccccc34)nc2c1,0
Cc1cc(C(=O)NN2CCOCC2)nn1Cc1cc(Cl)cc2cc(C(C)C)oc12,0
NCCc1cn(S(=O)(=O)c2c(Cl)nc3sccn23)c2ccccc12,0
C[C@H]1Cc2c(nnn2-c2ncc(F)cn2)CN1C(=O)c1cccc(C(F)(F)F)c1F,0
CCc1cc(-c2nc(-c3cc(C)nc(N(CC)CC)c3)no2)cc(C)c1OC[C@@H](O)CNC(=O)CO,0
CNCCN[C@H](c1cc(C)ccc1N1CCN(C(=O)[C@H](C)Cc2ccc(Cl)cc2F)CC1)C(C)C,0
CNCc1cc(C#CCCN2CCOCC2)ccc1Oc1ccc(C(F)(F)F)cc1,1
CC(=O)N1CCC(Oc2ccc3oc(-c4cc5cccn5cn4)c/c(=N\O)c3c2)CC1,0
CC(C)COc1ccc(Cl)cc1-c1ccccc1-c1cccc(C(=O)O)n1,0
CCCCc1cc(OC2CCN(CCCS(=O)(=O)CC)CC2)c2ncccc2c1,0
COc1ccc2c(-c3cnn(-c4ccccc4)c3)ccnc2c1,0
CCN1CCCC(c2ccc(F)cc2)N2C(=O)/C(=C/c3ccc(-n4cnc(C)c4)c(OC)c3)N=C12,0
O=C(O)CN1CCN(c2nc3cc(F)ccc3n3cccc23)CC1,0
O=C(NN1CCOCC1)C1=NN(c2ccc(Cl)cc2Cl)C(c2ccc(Cl)cc2)C1,0
Cc1cc2c(cc1Cl)C1(CCN(C(=O)[C@@H]3CN(C4CCOCC4)C[C@H]3c3ccc(F)cc3F)CC1)O[C@@H]2C(C)(C)C#N,0
CN(C)CCCC1(c2ccc(F)cc2)OCc2cc(C#N)ccc21,0
CN(C)CCCC1(c2ccc(F)cc2)OCc2cc(C#N)ccc21,0
CNC(=O)c1c(NCC2CCC3(CCC3)CC2)nc(C#N)nc1OCC1CCN(C(C)=O)CC1,0
CC(C)C[C@H](NC(=O)CCN(C)C)c1cc(Cl)ccc1N1CCN(C(=O)[C@H](C)Cc2ccc(Cl)cc2)CC1,0
Cn1c(-c2ccccc2C(F)(F)F)nnc1C12CCC(c3noc(C(C)(F)F)n3)(CC1)CC2,1
Cc1nnc2sc(C(=O)NC3CN(c4cccc(F)c4F)C3)c(N)c2c1C,0
COc1ccc(C2C(C#N)=C(N)OC3=C2C(=O)CC(c2cccc4ccccc24)C3)cc1,0
O/N=c1\cc(-c2cc3sccc3cn2)oc2ccc(CCCN3CCC(F)(F)C3)cc12,0
N#Cc1cccc(N2CCN(CCN3CCC(C(F)(F)F)CC3)C2=O)c1,0
N#Cc1ccc(O[C@@H]2CN[C@@H](C(=O)N3CCCN(C4CCC4)CC3)C2)cc1,1
COC[C@H]1CCCN1c1cc(NC(C)=O)nc(-n2nc(C)cc2C)n1,0
c1cnc(Nc2nc3c(s2)CCCc2n[nH]cc2-3)nc1,0
CNCCC(=O)N[C@H](c1cc(C)ccc1N1CCN(C(=O)[C@H](C)Cc2ccc(Cl)cc2)CC1)C(C)C,0
C=CCN(CC)C(=O)[C@@]1(c2ccsc2)C[C@H]1CN,0
CC1=C(c2ncnn2C2CCC(C(F)(F)F)CC2)[C@@H](c2ccc(Cl)c(Cl)c2)n2nc(C(F)(F)F)cc2N1,0
CCC(C)(C)Cc1c[nH]c(CCc2ccc3c(c2)CNC(=O)c2ccccc2-3)n1,0
CCS(=O)(=O)NCCCCCNc1nc2c(s1)CCSc1ccccc1-2,0
CC(=O)N1CC(c2nc(C)c3sc4cc(OCc5ccc6ccccc6n5)ccc4n23)C1,0
CC(C)[C@H](N)C(=O)OC1CCN(c2ccc(-n3cnn4cc(-c5ccc(Cl)cc5)cc4c3=O)cn2)CC1,0
O=C(O)c1cn(Cc2ccc(-c3ccccc3)cc2)c2c(c1=O)C(O)CCC2,0
COc1cc(N2CCN(C(C)=O)CC2)ccc1-c1nc2snc(C3CCCCC3)c2c(=O)[nH]1,0
Nn1c(SCCCN2CCN(c3ccc4ccccc4n3)CC2)nc2c(c1=O)CCCC2,0
Cn1ncc2cc(Cn3cc(C(=O)O)c(=O)c4c(F)cccc43)ccc21,0
CS(=O)(=O)NC[C@H]1CC[C@H](Nc2nc3c(s2)CCSc2ccccc2-3)CC1,0
COc1cc(Nc2nn3c(N[C@@H](CO)C(C)C)cc(C4CC4)nc3c2C(N)=O)cc(OC)c1,0
O=C(c1cccc(Cl)c1Cl)c1nc(CN2CCOCC2)c2ccccn12,1
CCc1cc(-c2nnc(-c3cc(C)nc(N(CC)CC)c3)o2)cc(C)c1OC[C@@H](O)CNC(=O)CO,0
CS(=O)(=O)NCc1ccc(-n2nc(C(F)(F)F)c3c2CCCC3)cc1,0
CN1CCN(c2cc(-c3ccc(C#N)cc3)nc(N)n2)CC1,0
O=C(O)c1cccc(Cc2cc(Cl)ccc2OCc2ccc(Cl)cc2F)n1,0
Cc1c(C(=O)NC2CCN(C(=O)NC(C)(C)C)CC2)nn(-c2ccc(Cl)cc2Cl)c1-c1ccc(Cl)cc1,0
COc1cc(C)c2nc3[nH]nc(C)c3c(N3CCOC(CO)C3)c2c1,0
Cc1cc(NC(=O)OC(C)(C)C)nn1Cc1cc(Cl)ccc1OCc1ccccc1,0
COc1ccc2c(c1)NC1(CCN(C(=O)c3ccc(OC)c(N(C)C)c3)CC1)c1cccn1-2,0
Cc1ccc(N2CCN(C(=O)[C@@H](Cc3ccc(Cl)cc3Cl)N3CCCC3=O)CC2)c([C@H](CC(C)C)NC(=O)CCN(C)C)c1,0
C[C@@H]1CC[C@H](C)N1c1ccc(-c2cncc3ccccc23)nn1,0
CN(C)CCC(c1ccc(Cl)c(Cl)c1)N1CCOCC1,0
Cn1c2c(c(=O)n(C)c1=O)C(C(F)(F)F)(C(F)(F)F)N=C(c1cccc([N+](=O)[O-])c1)N2,0
COc1nc(N2C[C@H]3C(=O)N(C)C(N)=N[C@@]3(c3ccccc3F)C2)nc(C)c1F,0
COCCN(C)c1cccc(-c2cc(NC(C)=O)nc(-n3nc(C)cc3C)n2)n1,0
CN[C@H]1CCN(c2ccc(N3Cc4cn(-c5ccc(Cl)cc5)nc4C3=O)cn2)C1,0
O=C(C1CC1)N1CC2CC(C1)N2,0
CC(C)[C@H](N)C(=O)OC1CCN(c2ccc(-n3cnn4cc(-c5ccc(Cl)cc5)cc4c3=O)cn2)CC1,1
CC(C)S(=O)(=O)NC[C@H]1CC[C@H](NC(=O)CN2CCc3cc(Cl)ccc32)CC1,0
CC(C)C(=O)Nc1cccc(C2CCN(CCCNC(=O)C(c3ccccc3)c3ccccc3)CC2)c1,0
Cc1nc2n(c(=O)c1CCN1CCC(c3noc4cc(F)ccc34)CC1)CC(O)CC2,0
COC1CCN(c2cccc(-c3cc(NC(C)=O)nc(-n4nc(C)cc4C)n3)n2)CC1,0
CN1CCCC/C1=N\c1ccc2c(c1)[C@@H](NC(=O)c1ccc(Br)cc1)[C@H](O)C2,0
C[C@@H]1CCCN1CCCOc1ccc(C(=O)CN2CCOCC2)cc1,0
CCc1cnc(Oc2ccc(NC(=O)c3ncccc3N)cc2Cl)nc1,0
Cc1ccc(N2CCN(C(=O)[C@@H](Cc3ccc(Cl)cc3Cl)N3CCCC3=O)CC2)c([C@H](CC(C)C)NC(=O)CCN(C)C)c1,0
C[C@@H]1CCCN1CCCOc1ccc(-c2ccc(=O)n(C)n2)cc1,0
O=C1CCc2ccc(OCCCCN3CCN(c4cccc(Cl)c4Cl)CC3)cc2N1,0
O=C([C@H]1C[C@H](Oc2ccc(Cl)cc2)CN1)N1CCCN(C2CCC2)CC1,1
CCNCc1ccc2nc(C)c3nnc(-c4ccccc4Cl)n3c2c1,0
CCn1c(-c2cc(-c3c(F)cccc3Cl)no2)cnc1C1(F)CCNCC1,1
Cc1cn(-c2ccc3n(c2=O)CCN(CCOc2ccc(Cl)cc2C(F)(F)F)C3=O)cn1,0
CN(C)C(=O)CN1CCCC(c2nc3ccccc3n2Cc2ccc(F)cc2)C1,0
CCc1nc(Cl)c2n1CCN([C@@H](C(=O)NC)c1ccccc1)[C@H]2CCc1ccc(C(F)(F)F)cc1,0
CN(C)CCC(c1ccc(Cl)c(Cl)c1)N1CCOCC1,0
O/N=c1\cc(-c2cc3cccn3cn2)oc2ccc(OCCN3CCOCC3)cc12,0
CC(C)S(=O)(=O)NC[C@H]1CC[C@H](NC(=O)CN2CCc3cc(Cl)ccc32)CC1,0
CS(=O)(=O)NC1(c2ccccc2)CCN(c2ncnc3c2nc(-c2ccccc2Cl)n3-c2ccc(Cl)cc2)CC1,0
COc1cnc(C(=O)Nc2cc(F)c(F)c([C@]3(C)C[C@@H](c4c(C)noc4C)SC(N)=N3)c2)cn1,0
CO[C@H](C)C(=O)N[C@@H](Cc1ccc2c(c1)OCO2)[C@H](O)CN[C@H]1CC2(CCC2)Oc2ncc(CC(C)(C)C)cc21,0
COc1cc(C(=O)O)ccc1OCCCCOc1ccc(C(=O)CC(C)C)c(O)c1C,0
CNC(=O)c1c(NCC2CCC3(CCC3)CC2)nc(C#N)nc1OCC1CCN(C)CC1,0
COc1cc(-n2cnc3cc(-c4ccc(Cl)cc4)sc3c2=O)ccc1OCC(C)(C)O,0
CC(C)c1cccc(-c2c(-c3ccc4nn(C)cc4c3)nsc2NC(=O)[C@@H]2C[C@H]2C)n1,1
COc1ncc(-c2cc(C3=Nc4c(C(C)(C)C)nn(CCO)c4C(=O)NC3)ccc2OC)cn1,0
C[C@H]1Cc2c(nnn2-c2ncc(F)cn2)CN1C(=O)c1cccc(C(F)(F)F)c1F,0
Cc1cc(-c2cccc(Cl)c2)ncc1[C@H]1CCCN1C(=O)c1nccs1,0
CCCCCOc1ccc(C(=O)c2cccc3ccccc23)c2ccccc12,0
Cc1cc(NC(=O)OC(C)(C)C)nn1Cc1cc(Cl)ccc1OCc1ccccc1,0
COc1cc(-c2ccc(N[C@@H](C)c3ccc(F)cc3)nc2)ccc1-n1cnc(C)c1,1
CCC(C)(C)Cc1c[nH]c(CCc2ccc(-c3cnsc3)cc2)n1,0
Cc1ccc2c(c1)CCN2CC(=O)N[C@H]1CC[C@H](CNS(=O)(=O)C(C)C)CC1,0
COC(=O)N1CCN(C(=O)Cc2ccc(F)c(Cl)c2)[C@@H]2[C@@H](N3CC[C@H](O)C3)CCC[C@@H]21,0
O/N=c1\cc(-c2cc3sccc3cn2)oc2ccc(CCCN3CCOCC3)cc12,0
COc1ccc(C(CN(C)C)C2(O)CCCCC2)cc1,0
FC(F)(F)c1ccccc1-c1cc(C(F)(F)F)c2[nH]c(C3=NOC4(CCCCC4)C3)nc2c1,0
NCC1(Cc2noc(=O)[nH]2)CCCCC1,0
CNC(=O)c1c(NCC2CCC3(CCC3)CC2)nc(C#N)nc1OCC1CCN(C(C)C)CC1,0
COc1cccc(OC)c1C1CCCC(=O)N1Cc1ccc2ccccc2n1,0
Cc1ccc(-n2c(C)ccc2-c2cc(Cl)ccc2OCc2ccc(F)cc2)cc1C(=O)O,1
CCn1c(=O)n(C2CCCN(c3nccc(-c4cc5ccccc5o4)n3)C2)c2ccccc21,0
Cc1cn(-c2ccc3n(c2=O)CCN([C@@H](C)c2cn(C)c4ccc(C(F)(F)F)cc24)C3=O)cn1,0
CC(=O)N[C@@H](Cc1ccc2c(c1)OCO2)[C@H](O)CN[C@H]1CC2(CCC2)Oc2ncc(CC(C)(C)C)cc21,0
COc1cc(Nc2cc(C#N)cn(Cc3ccc(F)cc3)c2=O)ccc1-n1cnc(C)c1,0
CS(=O)(=O)NC[C@H]1CC[C@H](Nc2nc3c(s2)CCSc2ccccc2-3)CC1,0
Cn1ccc(-c2ccc(Cn3cc(C(=O)N[C@H]4CCOC[C@@H]4O)c4ncccc43)cc2)n1,0
COc1cc(-n2cnn3cc(-c4ccc(Cl)cn4)cc3c2=O)ccc1N1CC[C@@H](OC(=O)[C@@H](N)C(C)C)C1,0
CC(=O)O[C@@H]1CC[C@@]2(C)[C@@H](CC[C@]3(C)[C@@H]2CC=C2[C@@H]4CC(C)(C)CC[C@]4(C)CC[C@]23C)[C@@]1(C)C(=O)O,0
CC(C)[C@H](N)C(=O)OC1CCN(c2ccc(-n3cnn4cc(-c5ccc(Cl)cc5)cc4c3=O)cn2)CC1,1
O=C(C1CCC(F)(F)CC1)N1CC(c2nc(-c3cccc(Cl)c3)no2)C1,0
CS(=O)(=O)N1CCN(C(=O)Cc2ccc(Cl)c(Cl)c2)[C@@H]2[C@@H](N3CCCC3)CCC[C@@H]21,0
CNCc1cc(C#CCCN2CCOCC2)ccc1Oc1cccc(Cl)c1,1
Cc1ccc(-n2c(C)ccc2-c2cc(Cl)ccc2OCc2ccc(F)cc2)cc1C(=O)O,0
CCCCCCCCCCCCC(F)(F)[C@H](O)C[C@H](O)[C@H](C)N,1
CC(C)(O)C(=O)NC1CC2(CCCCC2)Oc2nc(-c3ccccc3Cl)c(-c3ccc(Cl)cc3)cc21,0
C[C@H]1Cc2c(nnn2-c2ncc(F)cn2)CN1C(=O)c1ccnc(C(F)(F)F)c1F,0
O=C1CCCN1Cc1c(F)cc(-n2nc(C(F)(F)F)c3c2CCOC3)cc1F,0
O/N=c1\cc(-c2cc3sccc3cn2)oc2ccc(OCCN3CCOCC3)cc12,0
CC(=O)N1CCCn2nc(COc3ccccc3)cc21,1
COCCc1ccc(-c2c(C)nc3c(N4CCOCC4)nccn23)cn1,0
C[C@@H]1CCCN1CCCOc1ccc(-c2ccc(=O)[nH]n2)cc1,1
Cn1cc(C2CN(CCF)C2)c2ccc(-n3ccc(-c4ccc(F)cc4)cc3=O)cc21,0
CC(C)S(=O)(=O)NC[C@H]1CC[C@H](NC(=O)CN2CCc3cc(F)ccc32)CC1,0
COC(=O)N1CCN(C(=O)Cc2ccc(Cl)c(Cl)c2)[C@@H]2[C@@H](N3CC[C@H](O)C3)CCC[C@@H]21,0
Cc1ccc(N2CCN(C(=O)[C@H]3CN(C4CCOCC4)C[C@@H]3c3ccc(Cl)cc3)CC2)c([C@@H](NC(=O)CCN(C)C)C(C)C)c1,0
O=C(Oc1ccc2ccccc2c1)N1CCN2CCC1CC2,0
CS(=O)(=O)N1CCN(C(=O)Cc2ccc(Cl)c(F)c2)[C@@H]2[C@@H](N3CC[C@H](O)C3)CCC[C@@H]21,0
O=C1O[C@]2(CC[C@H](C(=O)Nc3cnc(-c4ccccc4)cn3)CC2)c2cccnc21,0
O=S(=O)(NC[C@@H]1CCC[C@@]2(S(=O)(=O)c3ccc(C(F)(F)F)cc3)c3c(F)ccc(F)c3OC[C@@H]12)C(F)(F)F,0
CC(C)Cc1ccc(C(C)C(=O)N2CCCC2C(=O)NCCS)cc1,0
O=C(NCc1ccccc1)c1cncc(N2C[C@H]3CNC[C@H]3C2)n1,0
CCCn1c(Oc2ccc(F)c(F)c2)nc2nc(C3CCCC3)[nH]c2c1=O,0
CN(C)C(=O)N1CC(Oc2ccc3oc(-c4cc5cccn5cn4)c/c(=N\O)c3c2)C1,0
C[C@H](N)[C@@H](O)C[C@@H](O)CCCCCCCCCCCCC(F)(F)F,1
COc1cc(/C=C2\CCCN3C2=NOC3(C)c2ccc(F)cc2)ccc1-n1cnc(C)c1,0
CN(CCN1CCCCC1)C(=O)[C@H]1CC[C@@]2(CC1)OC(=O)c1ccccc12,0
Cc1cn(-c2ccc3n(c2=O)CCN(CCOc2ccc(F)cc2C(F)(F)F)C3=O)cn1,0
O=C(O)c1cn(Cc2ccc(-c3cccnc3)cn2)c2c(F)cccc2c1=O,0
Cc1nc2c3ccccc3nc(SCc3nc4ccccc4[nH]3)n2n1,0
CC(=O)N1CCc2c(sc3nc(SCCCN4CCN(c5ccc6ccccc6n5)CC4)n(N)c(=O)c23)C1,0
COc1cc(-c2nnc3n([C@@H](C)c4ccc(F)c(F)c4)cc(Cl)cc2-3)ccc1-n1cnc(C)c1,0
COc1nc(N2C[C@H]3C(=O)N(C)C(=N)N[C@@]3(c3ccc(F)cc3F)C2)nc(C)c1F,0
Cc1ncc(C(O)c2c3cc(Cl)cc(C)c3nc3[nH]nc(C)c23)cn1,0
Cn1c(-c2ccccc2C(F)(F)F)nnc1C12CCC(c3nc(-c4ccc(F)cc4)no3)(CC1)CC2,1
CCO/N=C(/c1ccc(F)c(F)c1)c1ccc(CN2CCC3(CC2)OCc2cn(C)c(=O)cc23)cn1,0
CC(=O)N1CCc2c(sc3nc(SCCCN4CCN(c5ccc6ccccc6n5)CC4)n(N)c(=O)c23)C1,0
Clc1ccc(CN2CCO[C@H](COc3ccccc3)C2)cc1,0
O=C(N[C@H]1CCC[C@]2(CN=C(c3cccc(Cl)c3)O2)C1)c1ccccn1,0
O=C1O[C@]2(CC[C@H](C(=O)Nc3cc(-c4ccccc4)on3)CC2)c2cccnc21,0
Cc1cc(OCP2(=O)OCC[C@@H](c3cccc(Cl)c3)O2)cc([14CH3])c1Cc1ccc(O)c(C(C)C)c1,0
CS(=O)(=O)NC[C@H]1CC[C@H](Nc2nc3c(s2)CCSc2ccccc2-3)CC1,0
Cc1onc(NC(=O)N2CCN(c3nc(-c4ccccc4F)ns3)CC2)c1C,0
CC(C)N1CCC(Oc2ccc3[nH]c(C(=O)N4CCOCC4)cc3c2)CC1,0
COc1nc(N2C[C@H]3C(=O)N(C)C(N)=N[C@@]3(c3c(F)cc(F)c(F)c3F)C2)nc(C)c1F,0
COc1ccc(O[C@@H](CC(C)C)[C@H]2CCNC2)c(C)n1,0
C#Cc1ccc2c(c1)C(c1ccccn1)=NCc1c(C(=O)OCC)ncn1-2,0
CN1Cc2cc(NCCO)ccc2C(c2ccc3sccc3c2)C1,1
O=C(O)c1cn(Cc2ccc(-n3cccn3)cc2)c2ccsc2c1=O,0
Cc1ccc(N2CCN(C(=O)[C@H](C)Cc3ccc(Cl)cc3C)CC2)c([C@@H](NC(=O)CCN(C)C)C(C)C)c1,0
O=C(O)c1cn(Cc2ccc(-c3ccc(F)nc3)cn2)c2c(F)cccc2c1=O,0
O=C(c1ccc(Oc2cccc(Cl)c2)nc1)N1CCCN(C2CC2)CC1,0
CC(C)S(=O)(=O)NC[C@H]1CC[C@H](NC(=O)CN2CCc3cc(Cl)ccc32)CC1,0
O=C(Nc1ccc(F)cn1)c1cc(Oc2cncc(F)c2)cn2cnnc12,0
COc1cc(Cl)c(-c2c(C)nn3c(NCCNC4CCOCC4)cc(C)nc23)c(Cl)c1,0
CNCc1cc(C#CCCN2CCOCC2)ccc1Oc1cccc(Cl)c1,1
Cc1ccc(-n2cnc3c(sc4nc(N)nc(N)c43)c2=O)cc1,0
Cc1cc2ccccc2n1CC(=O)N[C@H]1CC[C@H](CNS(=O)(=O)C(C)C)CC1,0
Cc1ccc([C@@H](CC(C)C)NC(=O)CCN(C)C)c(N2CCN(C(=O)[C@H](C)Cc3ccc(Cl)cc3Cl)CC2)n1,0
Cc1c(C2CC2)nc2ccc(-n3ccc(OCc4ccc(Cl)cc4)cc3=O)cn12,0
CC(C)N1CCC(COc2ncc(C(=O)c3ccc(Cl)cc3)n2C)CC1,1
Fc1ccccc1Oc1cccc(F)c1C1CCNCC1,0
CO[C@H](C)C(=O)N[C@@H](Cc1ccc2c(c1)OCO2)[C@H](O)CN[C@H]1CC2(CCC2)Oc2ncc(CC(C)(C)C)cc21,1
O=C(NC1CC1)c1cn(-c2cccc(C#Cc3ccc[n+]([O-])c3)c2)c2ncccc2c1=O,0
CCn1c(=O)n(C2CCCN(c3nccc(-c4cc5ccccc5o4)n3)C2)c2ccccc21,0
N#Cc1ccnc(C2=NC(c3ccc(F)cc3)(c3ccc(F)cc3)CN2)c1,0
Cn1c(-c2ccccc2C(F)(F)F)nnc1C12CCC(c3noc(C(C)(F)F)n3)(CC1)CC2,1
Cc1ccc(N2CCN(C(=O)[C@H]3CN(C4CCOCC4)C[C@@H]3c3ccc(Cl)cc3)CC2)c([C@@H](NC(=O)CCN(C)C)C(C)C)c1,0
CCc1cc(-c2noc(-c3cc(C)c(CN(C)CC(C)C)s3)n2)cc(C)c1OC[C@@H](O)CNC(=O)CO,0
O=C1OCCN1[C@H]1CC[C@@H](C(=O)Nc2ccc(-c3cc(F)cc(F)c3)cn2)CC1,0
CCC(C)(C)Cc1c[nH]c(CCc2ccc(-c3ccccc3OCc3nc(=S)[nH][nH]3)cc2)n1,0
COC[C@H]1CCCN1c1cc(NC(C)=O)nc(-n2nc(C)cc2C)n1,0
COc1ccc2cc([C@](C)(C=O)CN3CCCC3C(=O)NCCS)ccc2c1,0
CCC(C)(CCN1CCOCC1)N(Cc1cc2ccccc2n(C)c1=O)C(=O)C1CCCCC1,0
COc1nc(N2C[C@H]3C(=O)N(C)C(=N)N[C@@]3(c3ccc(F)cc3F)C2)nc(C)c1F,0
O[C@H]1CC[C@H](Nc2ccc(-c3ccn4c(CC(F)(F)F)cnc4c3Cl)cc2Cl)CC1,0
COc1nc(N2C[C@H]3C(=O)N(C)C(=N)N[C@@]3(c3ccc(F)cc3F)C2)nc(C)c1F,0
CCC(=O)NCC[C@@H]1CCc2ccc3c(c21)CCO3,0
CCN(C)C(=O)c1cnc2c(c1)nc(NC(=O)c1cccc(C#N)c1)n2CCCOC,0
COc1cc(/C=C2\CCCN3C2=NOC[C@@H]3c2ccccc2)ccc1-n1cnc(C)c1,1
CN(C)CCC(c1ccc(Cl)c(Cl)c1)N1CCOCC1,0
O[C@H]1CC[C@H](n2ccc3cc(-c4ccn5c(CC(F)(F)F)cnc5c4Cl)ccc32)CC1,0
Cc1onc(NC(=O)N2CCN(c3nc(-c4ccc(F)cc4)ns3)CC2)c1C,0
COc1ccc(F)cc1C1CCN(c2ccn3c(CC4CC4)nnc3c2Cl)CC1,0
O=C(c1ccc(-n2nc(C(F)(F)F)c3c2CCOC3)cc1)N1CCCC1,0
COc1ccc(-c2nsc(C)c2C(=O)/N=C(\N)NCc2cc(C)c(NC(=O)CN3CCC3)c(Cl)c2)cc1,0
O[C@H]1C[C@H](CN2CC[C@H](c3ccc(F)cc3Cl)[C@@H](O)C2)Cc2cccnc21,0
CNCc1cc(C#CCCN2CCOCC2)ccc1Oc1cccc(F)c1,0
CS(=O)(=O)NCCCCCNc1nc2c(s1)CCSc1ccc(F)cc1-2,0
O=C(NCCCCN1CCN(c2cccc(Cl)c2Cl)CC1)Oc1ccc(-c2ccccc2)cc1,0
CC(C)(C)C(=O)c1oc2nc(-c3ccc(Cl)cc3Cl)c(-c3ccc(Cl)cc3)cc2c1N,0
Cn1ccc(-c2ccc(Cn3cc(C(=O)N[C@H]4CCOC[C@@H]4O)c4ncccc43)cc2)n1,0
CS(=O)(=O)NC[C@H]1CC[C@H](Nc2nc3c(s2)CCSc2ccccc2-3)CC1,0
Cc1ccc(NC(=O)C(C)C)cc1C1CCN(Cc2ccc(Oc3ccc(F)c(F)c3)cc2)CC1,0
O=c1cc(OCc2ccccc2)ccn1-c1ccc2c(c1)CCN2C1CN(CCF)C1,0
Cc1ccc(CN2CCO[C@H](CSc3ccccc3)C2)cc1C,0
CCCCOc1ccc(Cl)c(-c2nnc3c(C)nc4ccncc4n23)c1,0
Cc1ccc(-c2cn(Cc3ccccc3)c3c2CNCC3)cc1,1
C#CCNc1ccnc2sc3c(=O)n(-c4ccc(OC)cc4)cnc3c12,0
O=C1O[C@]2(CC[C@H](C(=O)Nc3cnn(-c4ccccc4)c3)CC2)c2cccnc21,0
COc1cc(/C=C2\CCCN3C[C@H](c4cc(F)c(F)c(F)c4)ON=C23)ccc1-n1cnc(C)c1,0
CC(C)S(=O)(=O)NC[C@H]1CC[C@H](NC(=O)CN2CCc3c2ccc(F)c3F)CC1,0
COc1cc(-c2cn(Cc3ccc(-c4nc5ccccc5o4)cc3)nn2)ccc1-n1cnc(C)c1,1
Cc1ccc(N2CCN(C(=O)[C@@H]3CN(C4CCOCC4)C[C@H]3c3ccc(Cl)cc3)CC2)c([C@@H](N)C(C)C)c1,0
CCCN1CCC(Oc2ccc3[nH]c(=O)c4c(c3c2)CCSC4)CC1,0
O/N=c1\cc(-c2cc3sccc3cn2)oc2ccc(CCCN3CCC(F)(F)CC3)cc12,0
COc1ccc2cc([C@H](C)C(=O)N3CC(O)CC3C(=O)NCCS)ccc2c1,0
Cc1onc(NC(=O)N2CCN(c3nc(-c4ccc(F)cc4F)cs3)CC2)c1C,0
CC(C)N1CCN(C(=O)c2ccc(CN3CCOCC3)cc2)CC1,1
Cc1nn(C)cc1-c1ccc2cc(CCN3CCC[C@H]3C)ccc2n1,0
CS(=O)(=O)NC[C@H]1CC[C@H](Nc2nc3c(s2)CCSc2ccccc2-3)CC1,0
CC(C)CC(C(=O)O)c1ccc(-c2ccc(C(F)(F)F)cc2)c(OCC2CC2)c1,1
COc1ccc(-c2nsc(C)c2C(=O)/N=C(\N)NCc2cc(C)c(NC(=O)CN3CCC3)c(Cl)c2)cc1,0
CC(C)c1cccc(-c2c(-c3ccc4nn(C)cc4c3)nsc2NC(=O)[C@@H]2C[C@H]2C)n1,1
CNCc1cc(C#CCCN(C)C2CC2)ccc1Oc1ccc(SC)cc1,0
C[C@H](NC(=O)/C=C/c1cc(F)ccc1F)c1cccc(Oc2ccncc2)c1,0
O=C(O)c1cccc(Cc2cc(Cl)ccc2OCc2ccc(Cl)cc2F)n1,0
C#Cc1ccc2c(c1)C(c1ccccn1)=NCc1c(C(=O)O)ncn1-2,0
COc1cc(Nc2cc(C#N)cn([C@@H](C)c3ccc(F)cc3)c2=O)ccc1-n1cnc(C)c1,0
CC(C)COc1ccc(Cl)cc1-c1ccccc1-c1cccc(C(=O)O)n1,0
CC(C)Cc1ccc(C(C)C(=O)N2CCCC2C(=O)NCCS)cc1,0
Cc1ccoc1C(=O)Nc1ccc(N2C(=O)c3cccc(C)c3C2=O)cc1F,0
C[C@H](Oc1ccc(S(C)(=O)=O)cc1C(=O)N1Cc2ccc(C3CCOCC3)cc2C1)C(F)(F)F,0
C[C@@H]1NC(c2ccnc(C#N)c2)=N[C@@]1(c1ccc(F)cc1)c1ccc(F)nc1,0
Cc1ccc(N2CCN(C(=O)[C@@H]3CN(C4CCOCC4)C[C@H]3c3ccc(Cl)cc3)CC2)c([C@@H](NC(=O)CCN(C)C)C(C)C)c1,0
CCc1cc(-c2noc(-c3cc(C)nc(N(CC)CC)c3)n2)cc(C)c1OC[C@@H](O)CNC(=O)CO,0
CC(C)N(C)c1nc2ccc(NC(=O)c3cnc(-c4ccc(F)cc4)cn3)cc2[nH]1,0
COc1ccnc(-c2nnc3n2C[C@H](C)N(C(=O)c2cccc(Cl)c2Cl)C3)c1,0
O[C@H]1CC[C@H](n2ccc3cc(-c4ccn5c(CC(F)(F)F)cnc5c4Cl)ccc32)CC1,0
Cc1nc([C@@]23COC[C@@H]2C3)n2c1sc1cc(OCc3ccc4ccccc4n3)ccc12,0
Cn1cc(Br)c(C(=O)N2CCN(CC(=O)c3ccc(F)cc3)CC2)n1,0
Clc1ccc(CN2CCO[C@H](CCc3ccccc3)C2)cc1,1
C[C@H]1Cn2c(nnc2-c2cc[nH]n2)C(=O)N1Cc1cccc(C(F)(F)F)c1Cl,0
COc1cc(/C=C2\CCCN3C2=NOC[C@@H]3c2ccc(F)cc2)ccc1-n1cnc(C)c1,0
Cc1nc([C@]23COC[C@H]2C3)n2c1sc1cc(OCc3ccc4ccccc4n3)ccc12,0
Cc1ccc(C2CCN(Cc3cc(C(=O)O)c(=O)n4ccccc34)CC2)cc1,1
O=C(O)c1cccc(Cc2cc(Cl)ccc2OCc2ccc(Cl)cc2F)n1,0
Cc1c(C2CC2)nc2ccc(-n3ccc(OCc4ccc(Cl)cc4)cc3=O)cn12,0
Cc1c(-c2ccc3c(c2)CN(C(C)C)C3=O)nnn1-c1ccc(F)cc1F,0
Cc1nc2ccncc2n2c(-c3ccccc3Cl)nnc12,0
Nn1c(SCCCN2CCN(c3ccc4ccccc4n3)CC2)nc2c(c1=O)CCCC2,0
O=C1CC(c2cccc(-n3ccnn3)c2)=Nc2ccc(-c3ccccc3F)cc2N1,0
Cc1ccc(-n2nccn2)c(C(=O)N2CCN(c3nc4cc(Cl)ccc4o3)CC[C@H]2C)c1,0
CS(=O)(=O)c1ccc(F)cc1C(=O)N1CCC(N(C2CC2)S(=O)(=O)c2cccc(C(F)(F)F)c2)CC1,1
C[C@@H](O)C(=O)NC1CC(C)(C)Oc2nc(-c3ccc(Cl)cc3Cl)c(-c3ccc(Cl)cc3)cc21,0
COC(=O)N1CCN(C(=O)Cc2cccc(Cl)c2)[C@@H]2[C@@H](N3CC[C@H](O)C3)CCC[C@@H]21,0
CCO[C@@H]([C@H]1C[C@@H](C)[C@H]2[C@H](O1)[C@H](O)[C@@]1(C)[C@@H]3CC[C@H]4C(C)(C)[C@@H](O[C@H]5CN(C6CN(C7CCC7)C6)CCO5)CC[C@@]45C[C@@]35CC[C@]21C)C(C)(C)O,1
O/N=c1\cc(-c2cc3sccc3cn2)oc2ccc(CCCN3CCC(F)(F)CC3)cc12,0
COc1cc(C(=O)O)ccc1OCCCCOc1ccc(C(=O)CC(C)C)c(O)c1C,0
Nn1c(SCCCN2CCN(c3ccc4ccccc4n3)CC2)nc2c(c1=O)CCCC2,0
O/N=c1\cc(-c2cc3sccc3cn2)oc2ccc(OCCN3CCC(F)(F)CC3)cc12,0
Cc1ccc(N2CCN(C(=O)[C@H](C)Cc3ccc(Cl)cc3)CC2)c([C@@H](NC(=O)CCN(C)C)C(C)C)c1,0
CN(C)c1nc(N[C@H]2CC[C@@H](NC(=O)c3ccc(F)c(F)c3)CC2)nc2ccccc12,0
O=C(O)c1cccc(Cc2cc(Cl)ccc2OCc2ccc(Cl)cc2F)n1,0
CCOC(=O)N1CCC(N2CCC[C@@H](NC(=O)c3ccccc3C)C2)CC1,0
Cc1nc2cccc(F)c2c(=O)n1-c1ccc(OC2CCN(C3CCC3)CC2)cc1,0
CNCc1cc(C#CCCNC2CC2)ccc1Oc1ccc(SC)cc1,0
CC(=O)N1CC(Oc2ccc3oc(-c4cc5sccc5cn4)c/c(=N\O)c3c2)C1,0
CN(C)[C@H]1CC[C@@H](c2c[nH]c3ccc(F)cc23)C1,0
Cc1ccoc1C(=O)Nc1ccc(N2C(=O)c3ccncc3C2=O)c(Cl)c1,0
CCOC(=O)C(CS)NC(=O)C1CCCN1C(=O)C(C)c1ccc(CC(C)C)cc1,0
Cc1onc(NC(=O)N2CCN(c3nc(-c4cccc(F)c4)ns3)CC2)c1C,0
COc1cnc(C(=O)Nc2cc(F)c(F)c([C@]3(C)C[C@@H](c4c(C)noc4C)SC(N)=N3)c2)cn1,0
Cc1cc(S(=O)(=O)n2ccc(NC(=O)c3ccccn3)c2)ccc1Cl,0
CC1CCCN1CCCOc1ccc(C(=O)CN2CCOCC2)cc1,0
COc1c(C(=O)N[C@H]2CCCC[C@@H]2O)cc(Cc2ccc(-c3cnn(C)c3)nc2)c2ccccc12,0
O=C(O)c1cc(-c2cccc(COc3ccc4c(c3)CN(C3CCCC3)C4=O)c2)ccc1O,0
O=C(O)c1cc(CN2CCc3cc(Cl)ccc3C2)c2ccccn2c1=O,1
CN1C(=N)N[C@@]2(c3cc(-c4cccc(C#N)c4)cs3)CN(c3ncccn3)C[C@H]2C1=O,0
CC(C)S(=O)(=O)NC[C@H]1CC[C@H](NC(=O)Cn2ccc3ccccc32)CC1,0
C#Cc1ccc2c(c1)C(c1ccccn1)=NCc1c(-c3cnco3)ncn1-2,1
COc1cc(-n2cnn3cc(-c4ccc(Cl)cc4)cc3c2=O)ccc1OCC(C)(C)OC(=O)CN,1
CS(=O)(=O)NC1(c2ccccc2)CCN(c2ncnc3c2nc(-c2ccccc2Cl)n3-c2ccc(Cl)cc2)CC1,0
COC(=O)N1CCN(C(=O)Cc2ccc(Cl)c(Cl)c2)[C@@H]2[C@@H](N(C)C)CCC[C@@H]21,0
CC(C)C(=O)NC1CCN(c2cnc(-c3ccc(C(F)(F)F)cc3)c(-c3ccncc3Cl)n2)CC1,0
CNCc1cc(C#CCCN2CCSCC2)ccc1Oc1ccc(SC)cc1,0
CCc1cc(-c2nnc(-c3cc(C)nc(N(CC)CC)c3)o2)cc(C)c1OC[C@@H](O)CO,0
Cc1ccoc1C(=O)Nc1ccc(N2C(=O)c3cccc(F)c3C2=O)c(Cl)c1,0
CN[C@H]1CCN(c2ccc(N3Cc4cn(-c5ccc(Cl)cc5)nc4C3=O)cn2)C1,1
O=C1CC(c2cccc(-n3ccnc3)c2)=Nc2ccc(-c3ccccc3F)cc2N1,0
Cc1ccc(N2CCN(C(=O)[C@@H]3CN(C4CCOCC4)C[C@H]3c3ccc(Cl)cc3)CC2)c([C@@H](N)C(C)C)c1,0
COc1c(C(=O)N[C@H]2CCCC[C@@H]2O)cc(Cc2ccc(Cl)nc2)c2ccccc12,0
CC(C)S(=O)(=O)NC[C@H]1CC[C@H](NC(=O)Cn2ccc3cc(Cl)ccc32)CC1,0
CN1C(=O)CC[C@H]1C(=O)NCc1cccc(C(F)(F)F)c1Cl,1
O=C(NC1CC1)c1cn(-c2cccc(-c3ccc([C@@H]4C[C@H]4C(=O)O)c(F)c3)c2)c2ncccc2c1=O,0
C[C@H]1Cn2c(nnc2-c2ccc(F)cc2)CN1C(=O)c1cccc(Cl)c1Cl,0
CN1C(=N)N[C@@]2(c3cc(-c4cccc(C#N)c4)cs3)CN(c3ncc(Cl)cn3)C[C@H]2C1=O,0
C[C@H]1[C@H](C)CC[C@]2(C)CC[C@]3(C)C(=CC[C@@H]4[C@@]5(C)CC[C@@H](O)[C@](C)(C(=O)O)[C@@H]5CC[C@]43C)[C@H]12,0
O=C(c1ccc(-n2nc(C(F)(F)F)c3c2CCOC3)cc1)N1CCCC1,0
CN(C)CCn1ncc2c1nc(N)n1c(=O)n(Cc3cccc(Cl)c3)nc21,0
C[C@@H]1CN(c2cncc(C#N)c2)C(=O)c2cc(COc3ccc(Cl)cn3)nn21,1
O=C(NCCN1CCC2(CC1)C(=O)NCN2c1cccc(F)c1)c1ccc2ccccc2c1,0
CCN(CC)C(=O)[C@@]1(c2ccccc2)C[C@H]1CN,0
Cc1cnc(N[C@H]2CC[C@@H](CNC(=O)c3cc(C(F)(F)F)cc(C(F)(F)F)c3)CC2)nc1N(C)C,0
O=c1[nH]c2ccccc2cc1O,0
CCc1cc(-c2nnc(-c3cc(C)nc(N(CC)CC)c3)o2)cc(C)c1OC[C@@H](O)CO,0
CCc1cc(-c2nc(-c3cc(C)nc(N(CC)CC)c3)no2)cc(C)c1OC[C@@H](O)CNC(=O)CO,0
O=C1O[C@]2(CC[C@H](C(=O)Nc3ccn(-c4ccccc4)n3)CC2)c2cccnc21,0
CNC(=O)[C@@H](c1ccccc1)N1CCn2c(C3CC3)nc(Cl)c2[C@@H]1CCc1ccc(C(F)(F)F)cc1,0
CNC(=O)c1c(NCC2CCC3(CCC3)CC2)nc(C#N)nc1OC1CC(C)(C)NC(C)(C)C1,0
CO[C@H](C)C(=O)N[C@@H](Cc1ccc2c(c1)OCO2)[C@H](O)CN[C@H]1CC2(CCC2)Oc2ncc(CC(C)(C)C)cc21,1
COc1ccc([C@H](CO)NC(=O)[C@@H](C)c2ccccc2)cc1,0
CCc1nn2ccc3c(c2c1CCNC(C)=O)CCO3,0
O=C(c1ccc(-n2nc(C(F)(F)F)c3c2CCCC3)cc1)N1CCCC1,0
CS(=O)(=O)c1cccc(-c2ccc(Cn3cc(C(=O)O)c(=O)c4cccc(F)c43)cn2)c1,0
O=C1O[C@]2(CC[C@H](C(=O)Nc3ccn(-c4ccccc4)n3)CC2)c2cnccc21,0
Cc1noc(/C(=C/c2cccc(-c3cc(C(C)(C)S(C)(=O)=O)cc4cccnc34)c2)c2ccc(S(C)(=O)=O)cc2)n1,0
CC(C)S(=O)(=O)NC[C@H]1CC[C@H](NC(=O)CN2C(=O)CCc3cc(Cl)ccc32)CC1,0
Fc1cccc(Cl)c1Oc1cccc(F)c1OC1CNC1,0
CC(C)(C)NC(=O)Cn1c(-c2ccc(OC(F)(F)F)cc2)cc2cc(C(C)(C)C(=O)NC(C)(C)C)ccc21,0
C[C@@H]1CCCN1CCCOc1ccc(C2=NNC(=O)C(C)(C)C2)cc1,0
CC(C)[C@H](NC(=O)CCN(C)C)c1cccc(F)c1N1CCN(C(=O)[C@H](C)Cc2ccc(Cl)cc2)CC1,0
CCO[C@@H]([C@H]1C[C@@H](C)[C@H]2[C@H](O1)[C@H](O)[C@@]1(C)[C@@H]3CC[C@H]4C(C)(C)[C@@H](O[C@H]5CN(C6CN(C(C)C)C6)CCO5)CC[C@@]45C[C@@]35CC[C@]21C)C(C)(C)O,1
Cc1ccc(-n2nccn2)c(C(=O)N2CC3CC(C2)N(c2ncc4ccccc4n2)C3)c1,0
O=C(Nc1nc(C(F)(F)F)co1)C1c2ccccc2Oc2ccccc21,0
CCCCOc1cncc(-c2nnc3c(C)nc4ccc(CN5CCOCC5)cc4n23)c1,0
Cc1ccc(N2CCN(C(=O)[C@H](C)Cc3ccc(Cl)cc3)CC2)c([C@H](CC(C)C)NC(=O)CCN(C)C)c1,0
FC1CCN(CCC2=C(Cc3cnccn3)c3ccccc3C2)C1,0
CN(C)S(=O)(=O)NC[C@H]1CC[C@H](NC(=O)CN2C(=O)CC(C)(C)Sc3ccccc32)CC1,0
NC[C@@H]1C[C@@]1(C(=O)N1Cc2ccccc2C1)c1cccs1,0
Cc1c(OCCCCOc2ccc(F)c(C(=O)O)c2)ccc(C(=O)CC(C)C)c1O,0
Cc1c(C(=O)NN2CCCCC2)nn(-c2ccc(Cl)cc2Cl)c1-c1ccc(Cl)cc1,0
CC(C)S(=O)(=O)NC[C@H]1CC[C@H](NC(=O)Cc2cn(C)c3ccccc23)CC1,0
COc1cccc(OC)c1C1CCCC(=O)N1Cc1ccc(OC(F)(F)F)cc1,0
Cc1ccc([C@@H](CC(C)C)NC(=O)CCN(C)C)c(N2CCN(C(=O)[C@H](C)Cc3ccc(Cl)cc3Cl)CC2)n1,0
CC(=O)N1C[C@@H](Oc2ccc(F)cc2)C[C@@H]1C(=O)N1CCCN(C2CCC2)CC1,0
CC(=O)N1CCC(COc2ccc3oc(-c4cc5sccc5cn4)c/c(=N\O)c3c2)CC1,0
CSc1ccc(C2CN(C)Cc3cc(OCCCN4CCC(F)CC4)ccc32)cc1,0
Oc1cc(N2CC3CC2CN3)cnc1Cl,0
O=C(O)c1cc(-c2cccc(COc3ccc4c(c3)CN(C3CCCC3)C4=O)c2)ccc1Cl,0
Cc1c(C(=O)NN2CCCCC2)nn(-c2ccc(Cl)cc2Cl)c1-c1ccc(Cl)cc1,0
O=c1cc(OCc2ccc(Cl)cc2)ccn1-c1ccc(OCCN2CCCC2)cc1,0
O=C([C@H]1C[C@H](Oc2ccc(F)cc2)CN1)N1CCCN(C2CCC2)CC1,1
CNCc1cc(C#CCCN2CCOCC2)ccc1Oc1ccc(F)cc1Cl,0
CC(C)C[C@H](CN)CC(=O)O,0
CN(C)S(=O)(=O)NCCCCCNc1nc(-c2ccccn2)cs1,0
O=C1O[C@]2(CC[C@H](C(=O)Nc3ncc(-c4cccc(F)c4)cn3)CC2)c2ccncc21,0
Nn1c(CCCCN2CCN(c3ccc4ccccc4n3)CC2)nc2c(c1=O)CCCC2,0
CNCC(c1ccc(OC)cc1)C1(O)CCCCC1,0
O/N=c1\cc(-c2cc3sccc3cn2)oc2ccc(OC3CN(c4cccnc4)C3)cc12,0
CCOC(=O)C(CS)NC(=O)C1CCCN1C(=O)C(C)c1ccc(CC(C)C)cc1,0
O/N=c1\cc(-c2cc3sccc3cn2)oc2ccc(CCCN3CCC(F)(F)C3)cc12,0
O=C(CO)Nc1ccc2ncn(Cc3ccc(Cl)c(Cl)c3)c(=O)c2c1,0
OCC1(N2CCC(n3c(N4CC5CNCC5C4)nc4ccccc43)CC2)CCCCCCC1,0
CO[C@H](C)C(=O)N[C@@H](Cc1ccc2c(c1)OCO2)[C@H](O)CN[C@H]1CC2(CCC2)Oc2ncc(CC(C)(C)C)cc21,0
COc1ccc(C(CN(C)C)C2(O)CCCCC2)cc1,0
O=C(N[C@H]1CCCC[C@@H]1O)c1cn(-c2ccc(Cl)cc2)c(-c2ccccc2Cl)n1,0
COc1cc(C)c2nc3[nH]nc(C)c3c(N3CCNCC3)c2c1,0
Cc1cc(C(=O)NN2CCOCC2)nn1Cc1cc(Cl)cc2cc(C(C)C)oc12,1
O=C(NCC1(CO)CCCC1)c1nc(N2CCOCC2)n2ccccc12,0
O=C(NC1CC1)c1cn(-c2cccc(-c3ccc([C@@H]4C[C@H]4C(=O)O)c(F)c3)c2)c2ncccc2c1=O,0
O=C(Oc1ccc(Br)cc1)N1CCN2CCC1CC2,0
CC(C)[C@H](NC(=O)CCN(C)C)c1cccc(F)c1N1CCN(C(=O)[C@H](C)Cc2ccc(Cl)cc2)CC1,0
Cc1c(OCc2cccc(-c3ccc(C(=O)O)cc3)c2)cc2c(c1C)C(=O)C(C1CCCC1)C2,0
CC(C)S(=O)(=O)NC[C@H]1CC[C@H](NC(=O)Cn2ccc3ccc(Cl)cc32)CC1,0
Cc1cc([C@@H]2CN(C(=O)c3ccc(F)c(Br)c3)CC(F)(F)C2)n2ncnc2n1,0
CC(C)(C)C(=O)c1oc2nc(-c3ccccc3Cl)c(-c3ccc(Cl)cc3)cc2c1N,0
O=C1c2ccc(OC3CCN(C4CCC4)CC3)cc2CCN1C1CCN(C2CCC2)CC1,0
Cc1cnc(N2C[C@H]3C(=O)N(C)C(=N)N[C@@]3(c3cc(-c4cccc(C#N)c4)cs3)C2)nc1,0
C#Cc1ccc2c(c1)C(c1ccccn1)=NCc1c(-c3cnco3)ncn1-2,1
Cc1cc(C)n(-c2cc(NC(=O)COc3cccc(CN(C)C)c3)nc(-c3ccc(C)o3)n2)n1,0
CC(C)COc1ccc(Cl)cc1-c1ccccc1-c1cccc(C(=O)O)n1,0
CC(C)N1CCC(Oc2ccc3[nH]c(C(=O)N4CCOCC4)cc3c2)CC1,0
COc1cc(C)c2nc3[nH]nc(C)c3c(N3CCC(C(N)=O)CC3)c2c1,0
CCc1nc(Cl)c2n1CCN([C@@H](C(=O)NC)c1ccccc1)[C@H]2CCc1cccc(C(F)(F)F)c1F,0
C[C@H]1Cn2c(nnc2-c2cccnc2)C(=O)N1Cc1cccc(C(F)(F)F)c1Cl,0
COc1cc(-n2cnc3cc(-c4ccc(Cl)cc4)sc3c2=O)ccc1OCCN1CCCC1,0
O=C(NC1CC1)c1cn(-c2cccc(-c3ccc([C@@H]4C[C@H]4C(=O)O)c(F)c3)c2)c2ncccc2c1=O,0
C[C@H]1[C@H]2CC[C@H]3[C@@H]4CC=C5C[C@@H](N(C)C)CC[C@]5(C)[C@H]4CC[C@]23CN1C,0
C[C@@H]1c2nnc(-c3ccccn3)n2CCN1C(=O)c1cccc(Cl)c1Cl,0
CN(C)[C@@H]1CC[C@H](c2c[nH]c3ccc(C#N)cc23)C1,0
COc1cc(Nc2nn3c(N[C@H](CO)Cc4c[nH]c5ccccc45)cc(C4CC4)nc3c2C(N)=O)cc(OC)c1,0
CN1CCCC12CCN(CCOc1ccc3oc(-c4cc5sccc5cn4)c/c(=N\O)c3c1)CC2,0
Cc1nc2c3ccccc3nc(SCc3ccc4ccccc4n3)n2n1,0
CC(C)C(=O)c1oc2nc(-c3ccccc3Cl)c(-c3ccc(Cl)cc3)cc2c1NC(=O)CO,0
Cc1ccoc1C(=O)Nc1ccc(N2C(=O)c3ccc(Cl)cc3C2=O)cc1F,0
O=C1CCCN1Cc1c(F)cc(-n2nc(C(F)(F)F)c3c2CCOC3)cc1F,0
CCC(C)(C)Cc1c[nH]c(CCc2ccc(-c3ccccc3OCc3nc(N)n[nH]3)cc2)n1,0
C[C@@H]1NC(c2cccc(C#N)c2)=N[C@@]1(c1ccc(F)cc1)c1ccc(F)nc1,0
O=C(c1ccc(CN2CCOCC2)cc1)N1CCN(C2CCC2)CC1,1
COc1cc(/C=C2\CCCN3C2=NOCC[C@@H]3c2cc(F)c(F)c(F)c2)ccc1-n1cnc(C)c1,0
O=C(NCc1ccccc1C(F)(F)F)c1cncc(N2C[C@H]3CNC[C@H]3C2)c1,0
Cc1cc(C)n(-c2cc(NC(=O)CCN3CC[C@H](N(C)C)C3)nc(-c3ccc(C)o3)n2)n1,0
COc1cc(OC)cc(-c2cc(NC(C)=O)nc(-n3nc(C)cc3C)n2)c1,0
CS(=O)(=O)NC[C@H]1CC[C@H](Nc2nc3c(s2)CCSc2ccccc2-3)CC1,0
CNCc1cc(C#CCCN2CCC(F)CC2)ccc1Oc1ccc(SC)cc1,0
O=C([C@H]1CC2CCC1C2)N1CC(c2nc(-c3cccc(F)c3)no2)C1,0
O/N=c1\cc(-c2cc3sccc3cn2)oc2ccc(CCCN3CCC(F)(F)CC3)cc12,0
COc1cc(-n2cnn3cc(-c4ccc(Cl)cc4)cc3c2=O)ccc1OCC(C)(C)OC(=O)CN,0
Cn1ccc(-c2ccc(Cn3cc(C(=O)N[C@H]4CCOC[C@@H]4O)c4ncccc43)cc2)n1,0
Cc1nc2c3ccccc3nc(SCc3cn4ccccc4n3)n2n1,0
CCCCC(=O)NC1CCN(c2ncnc3c2nc(-c2ccccc2Cl)n3-c2ccc(Cl)cc2)CC1,0
C[C@@H]1CN(c2cccnc2F)C(=O)c2cc(COc3ccc(Cl)cn3)nn21,1
CCCS(=O)(=O)[C@H]1CN[C@@H]([C@@H](O)[C@H](Cc2cc(F)cc(F)c2)NC(=O)[C@H](CCc2ccccc2)N2CC[C@](NC(C)=O)(C(C)CC)C2=O)C1,0
Cc1cc2ncc(-c3ccc4cc(CCN5CCC[C@H]5C)ccc4n3)c(C)n2n1,0
C#Cc1cccc(Nc2ncnc3cc(OCCOC)c(OCCOC)cc23)c1,0
COc1cc(-c2nnc3n([C@@H](C)c4ccc(F)cc4)cc(C(F)F)cc2-3)ccc1-n1cnc(C)c1,0
O=c1cc(OCc2ccccc2)ccn1-c1ccc2c(c1)CCN2C1CNC1,0
COC[C@H]1CCCN1c1cc(NC(C)=O)nc(-n2nc(C)cc2C)n1,0
CO[C@H](C)C(=O)N[C@@H](Cc1ccc2c(c1)OCO2)[C@H](O)CN[C@H]1CC2(CCC2)Oc2ncc(CC(C)(C)C)cc21,0
CC(C)Cc1nn(C)c(=O)c2c(SCCCO)n(Cc3cccc4ccccc34)cc12,0
COC1CN(c2cccc(-c3cc(NC(C)=O)nc(-n4nc(C)cc4C)n3)n2)C1,0
CNCC(c1ccc(OC)cc1)C1(O)CCCCC1,0
N#Cc1cccc(Oc2ccc(C(=O)N3CCCN(C4CCC4)CC3)cn2)c1,0
C[C@H]1[C@H](C)CC[C@]2(C)CC[C@]3(C)C(=CC(=O)[C@@H]4[C@@]5(C)CC[C@@H](O)[C@](C)(C(=O)O)[C@@H]5CC[C@]43C)[C@H]12,0
Cc1nc2n(c(=O)c1CCN1CCC(c3noc4cc(F)ccc34)CC1)CCCC2,0
Cc1c(-c2cc(-c3ccccc3Cl)no2)cnn1C1CCNCC1,1
O=C1CC(c2nc(-c3cccc(Cl)c3)no2)CN1c1ccc(F)cc1,0
CCCn1c(Oc2ccc(F)c(F)c2)nc2nc(C3CCCC3)[nH]c2c1=O,0
CCC(C)(C)Cc1c[nH]c(CCc2ccc(-c3ccccc3OCc3nnn[nH]3)cc2)n1,0
Cc1cc(OCP2(=O)OCC[C@@H](c3cccc(Cl)c3)O2)cc([14CH3])c1Cc1ccc(O)c(C(C)C)c1,0
CCc1nc(Cl)c2n1CCN([C@@H](C(=O)NC)c1ccccc1)[C@H]2CCc1ccc(C(F)(F)F)c(F)c1F,0
CCCCc1cc(OC2CCN(CCCCNS(=O)(=O)CC)CC2)c2ncccc2c1,0
NCCc1cn(S(=O)(=O)c2c(Cl)nc3sccn23)c2ccccc12,0
O=C(N[C@@H]1CCCC[C@H]1O)c1cnc(OCC2CC2)c(-c2ccc(Cl)cc2)c1,0
COc1cc(C)c2nc3[nH]nc(C)c3c(NC3CCOCC3)c2c1,0
Cc1nnc2sc(C(=O)NC3CN(c4cccc(F)c4F)C3)c(N)c2c1C,0
O=c1n(CC(F)(F)F)c2cccnc2n1[C@H]1CCCN(c2nccc(-c3ccc(Cl)s3)n2)C1,0
O=C(NC1CC1)c1cn(-c2cccc(-c3ccc([C@@H]4C[C@H]4C(=O)O)c(F)c3)c2)c2ncccc2c1=O,0
CC(=O)N1CCc2c(sc3nc(SCCCN4CCN(c5ccc6ccccc6n5)CC4)n(N)c(=O)c23)C1,0
CN1CC(c2c[nH]c3cc(-n4ccc(OCc5ccccc5)cc4=O)ccc23)C1,0
COc1cc(-c2nnc3n([C@@H](C)c4cc(F)cc(F)c4)cccc2-3)ccc1-n1cnc(C)c1,0
CN(C)CCC(c1ccc(Cl)c(Cl)c1)N1CCOCC1,0
O/N=c1\cc(-c2cc3cccn3cn2)oc2ccc(OCCN3CCOCC3)cc12,0
COC(=O)CN1CCN(C(=O)Cc2ccc(Cl)c(Cl)c2)[C@@H]2[C@@H](N3CCCC3)CCC[C@@H]21,0
O/N=c1\cc(-c2cc3cccn3cn2)oc2ccc(OCCN3CCOCC3)cc12,0
CC[C@@H]1C(=O)N(C)c2cnc(-n3ccnc3-c3ccc(F)cc3)nc2N1c1ccn(C)n1,1
CN1CCc2nc(COc3ccccc3)sc2C1=O,1
COc1cc(-n2cnn3cc(-c4ccc(Cl)cc4)cc3c2=O)ccc1OCC(OC(=O)[C@@H](N)C(C)C)C1CC1,1
CCc1cn2c3c(cc(C(=O)N[C@@H](Cc4ccccc4)[C@H](O)CNC4CC4)cc13)N(C)S(=O)(=O)CC2,0
Cc1nc2ccc(C(=O)NCCN3CCOCC3)cc2n2c(-c3ccccc3Cl)nnc12,0
CNCc1cc(C#CCCN2CCC(F)CC2)ccc1Oc1ccc(SC)cc1,0
COc1cc(-n2cnn3cc(-c4ccc(Cl)cc4)cc3c2=O)ccc1OCC1(OC(=O)CN)CC(F)(F)C1,1
CCC(=O)N[C@H]1CC[C@@H](C(=O)N(C)c2ccc(-c3nc4ccccc4o3)cc2)C1,0
CC(C)C[C@H](NCCN)c1cccc(F)c1N1CCN(C(=O)[C@@H](Cc2ccc(Cl)cc2Cl)N2CCCC2=O)CC1,0
CCCCc1cc(OC2CCN(CCCS(=O)(=O)C(C)(C)C)CC2)c2ncccc2c1,0
Cc1onc(NC(=O)N2CCN(c3nc(-c4cccc(F)c4)cs3)CC2)c1C,0
CC(C)c1cccc(-c2c(-c3ccc4nn(C)cc4c3)nsc2NC(=O)[C@@H]2C[C@H]2C)n1,1
Cc1c(C2CC2)nc2ccc(NC(=O)c3ccc(-c4ccc(F)nc4)cc3)cn12,0
CN(C)CC(c1ccc(O)cc1)C1(O)CCCCC1,0
CN1CCOC[C@H]1C(=O)N1CC[C@@](O)(c2ccccc2)[C@@H]2CCCC[C@@H]21,1
CC(C)CC(N)c1ccccc1N1CCN(C(=O)[C@@H](Cc2ccc(Cl)cc2Cl)NC(=O)CCN)CC1,0
O=c1[nH]c2ccccc2cc1O,0
COc1cc(-c2nnc3n([C@@H](C)c4cc(F)ccc4F)cc(Cl)cc2-3)ccc1-n1cnc(C)c1,0
CCS(=O)(=O)CCC12CCC(c3nnc(-c4ccccc4C(F)(F)F)n3C)(CC1)CC2,0
N#CC1(c2ccccc2)CCN(Cc2cc(C(=O)O)c(=O)n3ccccc23)CC1,0
N#Cc1csc(NC(=O)C2c3ccccc3Oc3ccccc32)n1,0
C[C@H](NC(=O)/C=C/c1ccccc1F)c1cccc(Oc2cccnc2)c1,0
NCCc1cn(S(=O)(=O)c2c(Cl)nc3sccn23)c2ccccc12,0
CC(=O)N1C[C@@H](Oc2cccc(F)c2)C[C@@H]1C(=O)N1CCCN(C2CCC2)CC1,0
O=C(O)c1cc2occc2[nH]1,0
NCCc1cn(S(=O)(=O)c2c(Cl)nc3sccn23)c2ccccc12,0
OC(c1cccnc1)(c1cccnc1)C(c1ccccc1)N1CCCC1,1
Cc1ccccc1C1(C#N)CCN(Cc2cc(C(=O)O)c(=O)n3ccccc23)CC1,0
O/N=c1\cc(-c2cc3cccn3cn2)oc2ccc(OCCN3CCOCC3)cc12,0
O/N=c1\cc(-c2cc3sccc3cn2)oc2ccc(OC3CN(c4cccnc4)C3)cc12,0
COCCOc1ccc(Cl)c(-c2nnc3c(C)nc4ccncc4n23)c1,0
OCC1(N2CCC(n3c(N4CC5CNCC5C4)nc4ccccc43)CC2)CCCCCCC1,0
CC(C)CC(O)c1ccccc1N1CCN(C(=O)[C@@H](Cc2ccc(Cl)cc2Cl)NC(=O)CCN)CC1,0
O=c1[nH]c2ncc(F)c(Cl)c2cc1O,0
O=C(c1ccc(-n2nc(C(F)(F)F)c3c2CCOC3)cc1)N1CCCC1,0
C[C@@H]1CCCN1CCCOc1ccc(-c2ccc(=O)n(C)c2)cc1,1
CCOC(=O)c1cc(-c2csc(-c3ccncc3)n2)c(=O)[nH]c1C(C)C,0
CCN(C)C(=O)c1ccc2nc(NC(=O)c3cccc(C#N)c3)n(CCCOC)c2n1,0
O/N=c1\cc(-c2cc3cccn3cn2)oc2ccc(OCCN3CCOCC3)cc12,0
C[C@@H](c1ccc2[nH]c(=O)sc2c1)c1ccn(-c2ccc(OCCO)cn2)n1,0
CC(C)(C)c1ccc(OC[C@@H]2CN(c3cccc(C#N)c3)C(=O)O2)cc1,1
CC(C)S(=O)(=O)NC[C@H]1CC[C@H](NC(=O)Cn2ccc3cc(F)c(F)cc32)CC1,0
C[C@@H]1NC(c2cccc(=O)[nH]2)=N[C@@]1(c1ccc(F)cc1)c1ccc(F)nc1,0
CNCCN[C@H](c1cc(C)ccc1N1CCN(C(=O)[C@H](C)Cc2ccc(Cl)cc2F)CC1)C(C)C,0
CC(C)S(=O)(=O)NC[C@H]1CC[C@H](NC(=O)CN2CCCc3cc(Cl)ccc32)CC1,0
N#Cc1ccnc(C2=NC(c3ccc(F)cc3)(c3ccc(F)cc3)[C@H](CO)N2)c1,0
Cc1cc(NC(=O)OC(C)C)nn1Cc1cc(Cl)ccc1OCc1ccccc1,0
N#Cc1cccc(C2=NC(c3ccc(F)cc3)(c3ccc(F)cc3)CN2)c1,0
CCCn1c(-c2cccc(OC)c2)nc2nc(C3CCCC3)[nH]c2c1=O,0
O/N=c1\cc(-c2cc3cccn3cn2)oc2ccc(OCCCc3cccnc3)cc12,0
COc1nc(Nc2cccc3c2nc(-c2ccc(F)cc2)n3C)ccc1-n1cnc(C)c1,1
Fc1ccc2c(c1)nc(N1CCN(Cc3c[nH]cn3)CC1)c1cccn12,0
CCS(=O)(=O)C[C@H](COc1ccc(-n2cnn3cc(-c4ccc(Cl)cc4)cc3c2=O)cc1OC)OC(=O)CN,0
O/N=c1\cc(-c2cc3sccc3cn2)oc2ccc(CCCN3CCC(F)(F)C3)cc12,0
CC(=O)Nc1cc(-c2cccc(N3CCN(C)CC3)n2)nc(-n2nc(C)cc2C)n1,0
CC(C)COc1ccc(Cl)cc1-c1ccccc1-c1cccc(C(=O)O)n1,0
CCCCOc1cncc(-c2nnc3c(C)nc4ccc(CN5CCOCC5)cc4n23)c1,0
Nn1c(CCCCN2CCN(c3ccc4ccccc4n3)CC2)nc2c(c1=O)CCCC2,0
CCS(=O)(=O)CC12CCC(c3nnc(-c4ccccc4C(F)(F)F)n3C)(CC1)CC2,1
Cc1nc2ccncc2n2c(-c3cc(COCC(F)(F)F)ccc3Cl)nnc12,0
CCN(CC)C(=O)Oc1ccc2c(-c3cnn(-c4ccccc4)c3)ccnc2c1,0
CC[C@H](C)COc1ccc([C@H](CO)NC(=O)[C@H]2C[C@@H]2c2cccs2)cc1,1
O=C1O[C@]2(CC[C@H](C(=O)Nc3ccn(-c4cccc(F)c4)n3)CC2)c2cnccc21,0
CCCCC(=O)NC1CCN(c2ncnc3c2nc(-c2ccccc2Cl)n3-c2ccc(Cl)cc2)CC1,0
COc1ccc(Cn2c([C@H]3CNCCS3)nc3ccccc32)cc1,0
CC(C)(O)C(=O)c1oc2nc(-c3ccccc3Cl)c(-c3ccc(Cl)cc3)cc2c1NC(=O)CO,0
O=C(Nc1ccc(F)cn1)c1cc(Oc2cncc(F)c2)cn2ncnc12,0
